seq,timestamp,session_date,gap_idx,spin_in_gap,prev_gap_length,prev_real_triple,bet_level,bet_mult,sa_spins,sa_acc,sa_spn,acc_rate,spn_rate,slope_8,slope_10,r01_combo,r02_ideal_ra,r03_ra_t130,r04_flat_150_32,r05_sml_l120_g32,r06_sml_l120_g30,r07_sml_s100_l120_m180,r08_sml_s100_l120_m110,r09_sml_s100_l130_m130,r10_sml_s50_l130_m150,r11_sml_s50_l130_s80,r12_shield_110,r13_shield_120,r14_shield_130,r15_shield_140,r16_flat_150_37,rules_count,rules_bitmask,phase,cooldown_remaining,consec_bets,gap_bets_so_far,is_triple,triple_type,target_caught,gae_segment,gae_grand_prize,gae_last_mission,accum_mission,accum_current,accum_total,accum_pct,accum_delta
80990,2026-04-08 03:39:56,2026-04-08,0,1,-1,,11,1,1,0,0,0.0000,0.0000,0.0000,0.0000,0,0,0,0,0,0,0,0,0,0,0,0,0,0,0,0,0,0x0000,WAIT,0,0,0,1,,0,bonus_as10_gae3_no,2575000,100,47,63489,225000,28.22,0
80991,2026-04-08 03:39:57,2026-04-08,0,2,-1,,11,1,2,0,2,0.0000,1.0000,0.0000,0.0000,0,0,0,0,0,0,0,0,0,0,0,0,0,0,0,0,0,0x0000,WAIT,0,0,0,0,,0,bonus_as10_gae3_no,2575000,100,47,63489,225000,28.22,0
80992,2026-04-08 03:39:58,2026-04-08,0,3,-1,,11,1,3,0,2,0.0000,0.6667,0.0000,0.0000,0,0,0,0,0,0,0,0,0,0,0,0,0,0,0,0,0,0x0000,WAIT,0,0,0,0,,0,bonus_as10_gae3_no,2575000,100,47,63489,225000,28.22,0
80993,2026-04-08 03:40:00,2026-04-08,0,4,-1,,11,1,4,0,3,0.0000,0.7500,0.0000,0.0000,0,0,0,0,0,0,0,0,0,0,0,0,0,0,0,0,0,0x0000,WAIT,0,0,0,0,,0,bonus_as10_gae3_no,2575000,100,47,63489,225000,28.22,0
80994,2026-04-08 03:40:01,2026-04-08,0,5,-1,,11,1,5,0,3,0.0000,0.6000,0.0000,0.0000,0,0,0,0,0,0,0,0,0,0,0,0,0,0,0,0,0,0x0000,WAIT,0,0,0,0,,0,bonus_as10_gae3_no,2575000,100,47,63489,225000,28.22,0
80995,2026-04-08 03:40:03,2026-04-08,0,6,-1,attack,11,1,6,0,3,0.0000,0.5000,0.0000,0.0000,0,0,0,0,0,0,0,0,0,0,0,0,0,0,0,0,0,0x0000,WAIT,0,0,0,1,attack,0,bonus_as10_gae3_no,2575000,100,47,63489,225000,28.22,0
80996,2026-04-08 03:40:26,2026-04-08,0,7,-1,attack,11,1,7,1,3,0.1429,0.4286,0.0000,0.0000,0,0,0,0,0,0,0,0,0,0,0,0,0,0,0,0,0,0x0000,WAIT,0,0,0,0,,0,bonus_as10_gae3_no,2575000,100,47,63490,225000,28.22,0
80997,2026-04-08 03:40:27,2026-04-08,0,8,-1,attack,11,1,8,1,3,0.1250,0.3750,0.0000,0.0000,0,0,0,0,0,0,0,0,0,0,0,0,0,0,0,0,0,0x0000,WAIT,0,0,0,0,,0,bonus_as10_gae3_no,2575000,100,47,63490,225000,28.22,0
80998,2026-04-08 03:40:28,2026-04-08,0,9,-1,attack,11,1,9,3,3,0.3333,0.3333,0.3333,0.0000,0,0,0,0,0,0,0,0,0,0,0,0,0,0,0,0,0,0x0000,WAIT,0,0,0,0,,0,bonus_as10_gae3_no,2575000,100,47,63492,225000,28.22,0
80999,2026-04-08 03:40:29,2026-04-08,0,10,-1,attack,11,1,10,3,3,0.3000,0.3000,0.3000,0.0000,0,0,0,0,0,0,0,0,0,0,0,0,0,0,0,0,0,0x0000,WAIT,0,0,0,0,,0,bonus_as10_gae3_no,2575000,100,47,63492,225000,28.22,0
81000,2026-04-08 03:40:30,2026-04-08,0,11,-1,steal,11,1,11,3,3,0.2727,0.2727,0.2727,0.2727,0,0,0,0,0,0,0,0,0,0,0,0,0,0,0,0,0,0x0000,WAIT,0,0,0,1,steal,0,bonus_as10_gae3_no,2575000,100,47,63492,225000,28.22,0
81001,2026-04-08 03:50:11,2026-04-08,0,12,-1,steal,11,1,12,3,4,0.2500,0.3333,0.2500,0.2500,0,0,0,0,0,0,0,0,0,0,0,0,0,0,0,0,0,0x0000,WAIT,0,0,0,0,,0,bonus_as10_gae3_no,2575000,100,47,63492,225000,28.22,0
81002,2026-04-08 03:50:12,2026-04-08,0,13,-1,steal,11,1,13,5,4,0.3846,0.3077,0.3846,0.3846,0,0,0,0,0,0,0,0,0,0,0,0,0,0,0,0,0,0x0000,WAIT,0,0,0,0,,0,bonus_as10_gae3_no,2575000,100,47,63494,225000,28.22,0
81003,2026-04-08 03:50:14,2026-04-08,0,14,-1,steal,11,1,14,5,4,0.3571,0.2857,0.3571,0.3571,0,0,0,0,0,0,0,0,0,0,0,0,0,0,0,0,0,0x0000,WAIT,0,0,0,0,,0,bonus_as10_gae3_no,2575000,100,47,63494,225000,28.22,0
81004,2026-04-08 03:50:17,2026-04-08,0,15,-1,steal,11,1,15,6,4,0.4000,0.2667,0.2571,0.4000,0,0,0,0,0,0,0,0,0,0,0,0,0,0,0,0,0,0x0000,WAIT,0,0,0,0,,0,bonus_as10_gae3_no,2575000,100,47,63495,225000,28.22,0
81005,2026-04-08 15:21:30,2026-04-08,0,1,-1,,11,1,1,1,0,1.0000,0.0000,0.0000,0.0000,0,0,0,0,0,0,0,0,0,0,0,0,0,0,0,0,0,0x0000,WAIT,0,0,0,0,,0,bonus_bs15_gae3_no,2575000,100,47,63496,225000,28.22,0
81006,2026-04-08 15:21:31,2026-04-08,0,2,-1,,11,1,2,1,0,0.5000,0.0000,0.0000,0.0000,0,0,0,0,0,0,0,0,0,0,0,0,0,0,0,0,0,0x0000,WAIT,0,0,0,1,,0,bonus_bs15_gae3_no,2575000,100,47,63496,225000,28.22,0
81007,2026-04-08 15:21:32,2026-04-08,0,3,-1,,11,1,3,1,0,0.3333,0.0000,0.0000,0.0000,0,0,0,0,0,0,0,0,0,0,0,0,0,0,0,0,0,0x0000,WAIT,0,0,0,1,,0,bonus_bs15_gae3_no,2575000,100,47,63496,225000,28.22,0
81008,2026-04-08 15:21:32,2026-04-08,0,4,-1,,11,1,4,2,0,0.5000,0.0000,0.0000,0.0000,0,0,0,0,0,0,0,0,0,0,0,0,0,0,0,0,0,0x0000,WAIT,0,0,0,0,,0,bonus_bs15_gae3_no,2575000,100,47,63497,225000,28.22,0
81009,2026-04-08 15:21:34,2026-04-08,0,5,-1,,11,1,5,2,0,0.4000,0.0000,0.0000,0.0000,0,0,0,0,0,0,0,0,0,0,0,0,0,0,0,0,0,0x0000,WAIT,0,0,0,0,,0,bonus_bs15_gae3_no,2575000,100,47,63497,225000,28.22,0
81010,2026-04-08 15:21:34,2026-04-08,0,6,-1,,11,1,6,2,0,0.3333,0.0000,0.0000,0.0000,0,0,0,0,0,0,0,0,0,0,0,0,0,0,0,0,0,0x0000,WAIT,0,0,0,0,,0,bonus_bs15_gae3_no,2575000,100,47,63497,225000,28.22,0
81011,2026-04-08 15:21:35,2026-04-08,0,7,-1,,11,1,7,2,2,0.2857,0.2857,0.0000,0.0000,0,0,0,0,0,0,0,0,0,0,0,0,0,0,0,0,0,0x0000,WAIT,0,0,0,0,,0,bonus_bs15_gae3_no,2575000,100,47,63497,225000,28.22,0
81012,2026-04-08 15:21:36,2026-04-08,0,8,-1,,11,1,8,2,2,0.2500,0.2500,0.0000,0.0000,0,0,0,0,0,0,0,0,0,0,0,0,0,0,0,0,0,0x0000,WAIT,0,0,0,1,,0,bonus_bs15_gae3_no,2575000,100,47,63497,225000,28.22,0
81013,2026-04-08 15:21:37,2026-04-08,0,9,-1,,11,1,9,2,3,0.2222,0.3333,-0.7778,0.0000,0,0,0,0,0,0,0,0,0,0,0,0,0,0,0,0,0,0x0000,WAIT,0,0,0,0,,0,bonus_bs15_gae3_no,2575000,100,47,63497,225000,28.22,0
81014,2026-04-08 15:21:37,2026-04-08,0,10,-1,,11,1,10,3,3,0.3000,0.3000,-0.2000,0.0000,0,0,0,0,0,0,0,0,0,0,0,0,0,0,0,0,0,0x0000,WAIT,0,0,0,0,,0,bonus_bs15_gae3_no,2575000,100,47,63498,225000,28.22,0
81015,2026-04-08 15:21:39,2026-04-08,0,11,-1,steal,11,1,11,3,3,0.2727,0.2727,-0.0606,-0.7273,0,0,0,0,0,0,0,0,0,0,0,0,0,0,0,0,0,0x0000,WAIT,0,0,0,1,steal,0,bonus_bs15_gae3_no,2575000,100,47,63498,225000,28.22,0
81016,2026-04-08 15:21:47,2026-04-08,0,12,-1,steal,11,1,12,3,5,0.2500,0.4167,-0.2500,-0.2500,0,0,0,0,0,0,0,0,0,0,0,0,0,0,0,0,0,0x0000,WAIT,0,0,0,0,,0,bonus_bs15_gae3_no,2575000,100,47,63498,225000,28.22,0
81017,2026-04-08 15:21:48,2026-04-08,0,13,-1,steal,11,1,13,4,5,0.3077,0.3846,-0.0923,-0.0256,0,0,0,0,0,0,0,0,0,0,0,0,0,0,0,0,0,0x0000,WAIT,0,0,0,0,,0,bonus_bs15_gae3_no,2575000,100,47,63499,225000,28.22,0
81018,2026-04-08 15:21:49,2026-04-08,0,14,-1,steal,11,1,14,4,5,0.2857,0.3571,-0.0476,-0.2143,0,0,0,0,0,0,0,0,0,0,0,0,0,0,0,0,0,0x0000,WAIT,0,0,0,1,steal,0,bonus_bs15_gae3_no,2575000,100,47,63499,225000,28.22,0
81019,2026-04-08 15:21:55,2026-04-08,0,15,-1,steal,11,1,15,4,6,0.2667,0.4000,-0.0190,-0.1333,0,0,0,0,0,0,0,0,0,0,0,0,0,0,0,0,0,0x0000,WAIT,0,0,0,0,,0,bonus_bs15_gae3_no,2575000,100,47,63499,225000,28.22,0
81020,2026-04-08 15:21:56,2026-04-08,0,16,-1,steal,11,1,16,6,6,0.3750,0.3750,0.1250,0.0417,0,0,0,0,0,0,0,0,0,0,0,0,0,0,0,0,0,0x0000,WAIT,0,0,0,0,,0,bonus_bs15_gae3_no,2575000,100,47,63501,225000,28.22,0
81021,2026-04-08 15:21:57,2026-04-08,0,17,-1,attack,11,1,17,6,6,0.3529,0.3529,0.1307,0.0672,0,0,0,0,0,0,0,0,0,0,0,0,0,0,0,0,0,0x0000,WAIT,0,0,0,1,attack,0,bonus_bs15_gae3_no,2575000,100,47,63501,225000,28.22,0
81022,2026-04-08 15:22:02,2026-04-08,0,18,-1,attack,11,1,18,6,6,0.3333,0.3333,0.0333,0.0833,0,0,0,0,0,0,0,0,0,0,0,0,0,0,0,0,0,0x0000,WAIT,0,0,0,0,,0,bonus_bs15_gae3_no,2575000,100,47,63501,225000,28.22,0
81023,2026-04-08 15:22:03,2026-04-08,0,19,-1,attack,11,1,19,6,7,0.3158,0.3684,0.0431,0.0936,0,0,0,0,0,0,0,0,0,0,0,0,0,0,0,0,0,0x0000,WAIT,0,0,0,0,,0,bonus_bs15_gae3_no,2575000,100,47,63501,225000,28.22,0
81024,2026-04-08 15:22:04,2026-04-08,0,20,-1,attack,11,1,20,7,7,0.3500,0.3500,0.1000,0.0500,0,0,0,0,0,0,0,0,0,0,0,0,0,0,0,0,0,0x0000,WAIT,0,0,0,0,,0,bonus_bs15_gae3_no,2575000,100,47,63502,225000,28.22,0
81025,2026-04-08 15:22:05,2026-04-08,0,21,-1,attack,11,1,21,7,7,0.3333,0.3333,0.0256,0.0606,0,0,0,0,0,0,0,0,0,0,0,0,0,0,0,0,0,0x0000,WAIT,0,0,0,0,,0,bonus_bs15_gae3_no,2575000,100,47,63502,225000,28.22,0
81026,2026-04-08 15:22:06,2026-04-08,0,22,-1,attack,11,1,22,7,7,0.3182,0.3182,0.0325,0.0682,0,0,0,0,0,0,0,0,0,0,0,0,0,0,0,0,0,0x0000,WAIT,0,0,0,0,,0,bonus_bs15_gae3_no,2575000,100,47,63502,225000,28.22,0
81027,2026-04-08 15:22:06,2026-04-08,0,23,-1,attack,11,1,23,7,7,0.3043,0.3043,0.0377,-0.0033,0,0,0,0,0,0,0,0,0,0,0,0,0,0,0,0,0,0x0000,WAIT,0,0,0,0,,0,bonus_bs15_gae3_no,2575000,100,47,63502,225000,28.22,0
81028,2026-04-08 15:22:07,2026-04-08,0,24,-1,attack,11,1,24,7,7,0.2917,0.2917,-0.0833,0.0060,0,0,0,0,0,0,0,0,0,0,0,0,0,0,0,0,0,0x0000,WAIT,0,0,0,0,,0,bonus_bs15_gae3_no,2575000,100,47,63502,225000,28.22,0
81029,2026-04-08 15:22:08,2026-04-08,0,25,-1,attack,11,1,25,7,7,0.2800,0.2800,-0.0729,0.0133,0,0,0,0,0,0,0,0,0,0,0,0,0,0,0,0,0,0x0000,WAIT,0,0,0,0,,0,bonus_bs15_gae3_no,2575000,100,47,63502,225000,28.22,0
81030,2026-04-08 15:22:08,2026-04-08,0,26,-1,attack,11,1,26,7,7,0.2692,0.2692,-0.0641,-0.1058,0,0,0,0,0,0,0,0,0,0,0,0,0,0,0,0,0,0x0000,WAIT,0,0,0,1,,0,bonus_bs15_gae3_no,2575000,100,47,63502,225000,28.22,0
81031,2026-04-08 15:22:09,2026-04-08,0,27,-1,attack,11,1,27,7,7,0.2593,0.2593,-0.0565,-0.0937,0,0,0,0,0,0,0,0,0,0,0,0,0,0,0,0,0,0x0000,WAIT,0,0,0,1,attack,0,bonus_bs15_gae3_no,2575000,100,47,63502,225000,28.22,0
81032,2026-04-08 15:22:15,2026-04-08,0,28,-1,attack,11,1,28,8,7,0.2857,0.2500,-0.0643,-0.0476,0,0,0,0,0,0,0,0,0,0,0,0,0,0,0,0,0,0x0000,WAIT,0,0,0,0,,0,bonus_bs15_gae3_no,2575000,100,47,63503,225000,28.22,0
81033,2026-04-08 15:22:16,2026-04-08,0,29,-1,attack,11,1,29,8,7,0.2759,0.2414,-0.0575,-0.0399,0,0,0,0,0,0,0,0,0,0,0,0,0,0,0,0,0,0x0000,WAIT,0,0,0,0,,0,bonus_bs15_gae3_no,2575000,100,47,63503,225000,28.22,0
81034,2026-04-08 15:22:17,2026-04-08,0,30,-1,attack,11,1,30,10,7,0.3333,0.2333,0.0152,-0.0167,0,0,0,0,0,0,0,0,0,0,0,0,0,0,0,0,0,0x0000,WAIT,0,0,0,0,,0,bonus_bs15_gae3_no,2575000,100,47,63505,225000,28.22,0
81035,2026-04-08 15:22:19,2026-04-08,0,31,-1,attack,11,1,31,10,8,0.3226,0.2581,0.0182,-0.0108,0,0,0,0,0,0,0,0,0,0,0,0,0,0,0,0,0,0x0000,WAIT,0,0,0,0,,0,bonus_bs15_gae3_no,2575000,100,47,63505,225000,28.22,0
81036,2026-04-08 15:22:20,2026-04-08,0,32,-1,attack,11,1,32,10,8,0.3125,0.2500,0.0208,-0.0057,0,0,0,0,0,0,0,0,0,0,0,0,0,0,0,0,0,0x0000,WAIT,0,0,0,1,,0,bonus_bs15_gae3_no,2575000,100,47,63505,225000,28.22,0
81037,2026-04-08 15:22:20,2026-04-08,0,33,-1,attack,11,1,33,11,8,0.3333,0.2424,0.0533,0.0290,0,0,0,0,0,0,0,0,0,0,0,0,0,0,0,0,0,0x0000,WAIT,0,0,0,0,,0,bonus_bs15_gae3_no,2575000,100,47,63506,225000,28.22,0
81038,2026-04-08 15:22:22,2026-04-08,0,34,-1,attack,11,1,34,11,8,0.3235,0.2353,0.0543,0.0319,0,0,0,0,0,0,0,0,0,0,0,0,0,0,0,0,0,0x0000,WAIT,0,0,0,1,,0,bonus_bs15_gae3_no,2575000,100,47,63506,225000,28.22,0
81039,2026-04-08 15:22:23,2026-04-08,0,35,-1,spins,11,1,35,11,11,0.3143,0.3143,0.0550,0.0343,0,0,0,0,0,0,0,0,0,0,0,0,0,0,0,0,0,0x0000,WAIT,0,0,0,1,spins,0,bonus_bs15_gae3_no,2575000,100,47,63506,225000,28.22,0
81040,2026-04-08 15:22:24,2026-04-08,0,36,-1,spins,11,1,36,12,11,0.3333,0.3056,0.0476,0.0641,0,0,0,0,0,0,0,0,0,0,0,0,0,0,0,0,0,0x0000,WAIT,0,0,0,0,,0,bonus_bs15_gae3_no,2575000,100,47,63507,225000,28.23,0
81041,2026-04-08 15:22:25,2026-04-08,0,37,-1,spins,11,1,37,12,11,0.3243,0.2973,0.0485,0.0651,0,0,0,0,0,0,0,0,0,0,0,0,0,0,0,0,0,0x0000,WAIT,0,0,0,1,,0,bonus_bs15_gae3_no,2575000,100,47,63507,225000,28.23,0
81042,2026-04-08 15:22:26,2026-04-08,0,38,-1,attack,11,1,38,12,11,0.3158,0.2895,-0.0175,0.0301,0,0,0,0,0,0,0,0,0,0,0,0,0,0,0,0,0,0x0000,WAIT,0,0,0,1,attack,0,bonus_bs15_gae3_no,2575000,100,47,63507,225000,28.23,0
81043,2026-04-08 15:22:30,2026-04-08,0,39,-1,attack,11,1,39,12,11,0.3077,0.2821,-0.0149,0.0318,0,0,0,0,0,0,0,0,0,0,0,0,0,0,0,0,0,0x0000,WAIT,0,0,0,0,,0,bonus_bs15_gae3_no,2575000,100,47,63507,225000,28.23,0
81044,2026-04-08 15:22:30,2026-04-08,0,40,-1,attack,11,1,40,12,11,0.3000,0.2750,-0.0125,-0.0333,0,0,0,0,0,0,0,0,0,0,0,0,0,0,0,0,0,0x0000,WAIT,0,0,0,0,,0,bonus_bs15_gae3_no,2575000,100,47,63507,225000,28.23,0
81045,2026-04-08 15:22:31,2026-04-08,0,41,-1,attack,11,1,41,12,11,0.2927,0.2683,-0.0407,-0.0299,0,0,0,0,0,0,0,0,0,0,0,0,0,0,0,0,0,0x0000,WAIT,0,0,0,0,,0,bonus_bs15_gae3_no,2575000,100,47,63507,225000,28.23,0
81046,2026-04-08 15:22:32,2026-04-08,0,42,-1,shield,11,1,42,12,11,0.2857,0.2619,-0.0378,-0.0268,0,0,0,0,0,0,0,0,0,0,0,0,0,0,0,0,0,0x0000,WAIT,0,0,0,1,shield,0,bonus_bs15_gae3_no,2575000,100,47,63507,225000,28.23,0
81047,2026-04-08 15:22:33,2026-04-08,0,43,-1,shield,11,1,43,13,11,0.3023,0.2558,-0.0120,-0.0310,0,0,0,0,0,0,0,0,0,0,0,0,0,0,0,0,0,0x0000,WAIT,0,0,0,0,,0,bonus_bs15_gae3_no,2575000,100,47,63508,225000,28.23,0
81048,2026-04-08 15:22:34,2026-04-08,0,44,-1,shield,11,1,44,15,11,0.3409,0.2500,0.0076,0.0174,0,0,0,0,0,0,0,0,0,0,0,0,0,0,0,0,0,0x0000,WAIT,0,0,0,0,,0,bonus_bs15_gae3_no,2575000,100,47,63510,225000,28.23,0
81049,2026-04-08 15:22:36,2026-04-08,0,45,-1,shield,11,1,45,15,11,0.3333,0.2444,0.0090,0.0190,0,0,0,0,0,0,0,0,0,0,0,0,0,0,0,0,0,0x0000,WAIT,0,0,0,0,,0,bonus_bs15_gae3_no,2575000,100,47,63510,225000,28.23,0
81050,2026-04-08 15:22:36,2026-04-08,0,46,-1,shield,11,1,46,15,12,0.3261,0.2609,0.0103,-0.0072,0,0,0,0,0,0,0,0,0,0,0,0,0,0,0,0,0,0x0000,WAIT,0,0,0,0,,0,bonus_bs15_gae3_no,2575000,100,47,63510,225000,28.23,0
81051,2026-04-08 15:22:37,2026-04-08,0,47,-1,shield,11,1,47,15,12,0.3191,0.2553,0.0115,-0.0052,0,0,0,0,0,0,0,0,0,0,0,0,0,0,0,0,0,0x0000,WAIT,0,0,0,0,,0,bonus_bs15_gae3_no,2575000,100,47,63510,225000,28.23,0
81052,2026-04-08 15:22:38,2026-04-08,0,48,-1,shield,11,1,48,15,13,0.3125,0.2708,0.0125,-0.0033,0,0,0,0,0,0,0,0,0,0,0,0,0,0,0,0,0,0x0000,WAIT,0,0,0,0,,0,bonus_bs15_gae3_no,2575000,100,47,63510,225000,28.23,0
81053,2026-04-08 15:22:39,2026-04-08,0,49,-1,shield,11,1,49,17,13,0.3469,0.2653,0.0543,0.0392,0,0,0,0,0,0,0,0,0,0,0,0,0,0,0,0,0,0x0000,WAIT,0,0,0,0,,0,bonus_bs15_gae3_no,2575000,100,47,63512,225000,28.23,0
81054,2026-04-08 15:22:40,2026-04-08,0,50,-1,shield,11,1,50,17,13,0.3400,0.2600,0.0543,0.0400,0,0,0,0,0,0,0,0,0,0,0,0,0,0,0,0,0,0x0000,WAIT,0,0,0,1,,0,bonus_bs15_gae3_no,2575000,100,47,63512,225000,28.23,0
81055,2026-04-08 15:22:41,2026-04-08,0,51,-1,shield,11,1,51,17,13,0.3333,0.2549,0.0310,0.0407,0,0,0,0,0,0,0,0,0,0,0,0,0,0,0,0,0,0x0000,WAIT,0,0,0,1,,0,bonus_bs15_gae3_no,2575000,100,47,63512,225000,28.23,0
81056,2026-04-08 15:22:42,2026-04-08,0,52,-1,shield,11,1,52,17,13,0.3269,0.2500,-0.0140,0.0412,0,0,0,0,0,0,0,0,0,0,0,0,0,0,0,0,0,0x0000,WAIT,0,0,0,1,shield,0,bonus_bs15_gae3_no,2575000,100,47,63512,225000,28.23,0
81057,2026-04-08 15:22:44,2026-04-08,0,53,-1,shield,11,1,53,17,13,0.3208,0.2453,-0.0126,0.0184,0,0,0,0,0,0,0,0,0,0,0,0,0,0,0,0,0,0x0000,WAIT,0,0,0,1,shield,0,bonus_bs15_gae3_no,2575000,100,47,63512,225000,28.23,0
81058,2026-04-08 15:22:45,2026-04-08,0,54,-1,shield,11,1,54,17,13,0.3148,0.2407,-0.0113,-0.0261,0,0,0,0,0,0,0,0,0,0,0,0,0,0,0,0,0,0x0000,WAIT,0,0,0,0,,0,bonus_bs15_gae3_no,2575000,100,47,63512,225000,28.23,0
81059,2026-04-08 15:22:45,2026-04-08,0,55,-1,shield,11,1,55,17,13,0.3091,0.2364,-0.0101,-0.0242,0,0,0,0,0,0,0,0,0,0,0,0,0,0,0,0,0,0x0000,WAIT,0,0,0,0,,0,bonus_bs15_gae3_no,2575000,100,47,63512,225000,28.23,0
81060,2026-04-08 15:22:46,2026-04-08,0,56,-1,shield,11,1,56,17,13,0.3036,0.2321,-0.0089,-0.0225,0,0,0,0,0,0,0,0,0,0,0,0,0,0,0,0,0,0x0000,WAIT,0,0,0,0,,0,bonus_bs15_gae3_no,2575000,100,47,63512,225000,28.23,0
81061,2026-04-08 15:22:47,2026-04-08,0,57,-1,shield,11,1,57,17,14,0.2982,0.2456,-0.0487,-0.0209,0,0,0,0,0,0,0,0,0,0,0,0,0,0,0,0,0,0x0000,WAIT,0,0,0,0,,0,bonus_bs15_gae3_no,2575000,100,47,63512,225000,28.23,0
81062,2026-04-08 15:22:47,2026-04-08,0,58,-1,shield,11,1,58,17,15,0.2931,0.2586,-0.0469,-0.0194,0,0,0,0,0,0,0,0,0,0,0,0,0,0,0,0,0,0x0000,WAIT,0,0,0,0,,0,bonus_bs15_gae3_no,2575000,100,47,63512,225000,28.23,0
81063,2026-04-08 15:22:48,2026-04-08,0,59,-1,shield,11,1,59,18,15,0.3051,0.2542,-0.0282,-0.0419,0,0,0,0,0,0,0,0,0,0,0,0,0,0,0,0,0,0x0000,WAIT,0,0,0,0,,0,bonus_bs15_gae3_no,2575000,100,47,63513,225000,28.23,0
81064,2026-04-08 15:22:50,2026-04-08,0,60,-1,shield,11,1,60,18,15,0.3000,0.2500,-0.0269,-0.0400,0,0,0,0,0,0,0,0,0,0,0,0,0,0,0,0,0,0x0000,WAIT,0,0,0,1,,0,bonus_bs15_gae3_no,2575000,100,47,63513,225000,28.23,0
81065,2026-04-08 15:22:51,2026-04-08,0,61,-1,shield,11,1,61,18,16,0.2951,0.2623,-0.0257,-0.0383,0,0,0,0,0,0,0,0,0,0,0,0,0,0,0,0,0,0x0000,WAIT,0,0,0,0,,0,bonus_bs15_gae3_no,2575000,100,47,63513,225000,28.23,0
81066,2026-04-08 15:22:51,2026-04-08,0,62,-1,shield,11,1,62,18,16,0.2903,0.2581,-0.0245,-0.0366,0,0,0,0,0,0,0,0,0,0,0,0,0,0,0,0,0,0x0000,WAIT,0,0,0,0,,0,bonus_bs15_gae3_no,2575000,100,47,63513,225000,28.23,0
81067,2026-04-08 15:22:52,2026-04-08,0,63,-1,shield,11,1,63,19,16,0.3016,0.2540,-0.0075,-0.0192,0,0,0,0,0,0,0,0,0,0,0,0,0,0,0,0,0,0x0000,WAIT,0,0,0,0,,0,bonus_bs15_gae3_no,2575000,100,47,63514,225000,28.23,0
81068,2026-04-08 15:22:54,2026-04-08,0,64,-1,shield,11,1,64,19,16,0.2969,0.2500,-0.0067,-0.0179,0,0,0,0,0,0,0,0,0,0,0,0,0,0,0,0,0,0x0000,WAIT,0,0,0,1,,0,bonus_bs15_gae3_no,2575000,100,47,63514,225000,28.23,0
81069,2026-04-08 15:22:55,2026-04-08,0,65,65,accumulation,11,1,0,0,0,0.0000,0.0000,0.0000,0.0000,0,0,0,0,0,0,0,0,0,0,0,0,0,0,0,0,0,0x0000,WAIT,0,0,0,1,accumulation,0,bonus_bs15_gae3_no,2575000,100,47,63524,225000,28.23,0
81070,2026-04-08 15:22:56,2026-04-08,1,1,65,accumulation,11,1,1,0,1,0.0000,1.0000,0.0000,0.0000,0,0,0,0,0,0,0,0,0,0,0,0,0,0,0,0,0,0x0000,WAIT,0,0,0,0,,0,bonus_bs15_gae3_no,2575000,100,47,63524,225000,28.23,0
81071,2026-04-08 15:22:56,2026-04-08,1,2,65,accumulation,11,1,2,1,1,0.5000,0.5000,0.0000,0.0000,0,0,0,0,0,0,0,0,0,0,0,0,0,0,0,0,0,0x0000,WAIT,0,0,0,0,,0,bonus_bs15_gae3_no,2575000,100,47,63525,225000,28.23,0
81072,2026-04-08 15:22:58,2026-04-08,1,3,65,accumulation,11,1,3,2,1,0.6667,0.3333,0.0000,0.0000,0,0,0,0,0,0,0,0,0,0,0,0,0,0,0,0,0,0x0000,WAIT,0,0,0,0,,0,bonus_bs15_gae3_no,2575000,100,47,63526,225000,28.23,0
81073,2026-04-08 15:22:59,2026-04-08,1,4,65,accumulation,11,1,4,4,1,1.0000,0.2500,0.0000,0.0000,0,0,0,0,0,0,0,0,0,0,0,0,0,0,0,0,0,0x0000,WAIT,0,0,0,0,,0,bonus_bs15_gae3_no,2575000,100,47,63528,225000,28.23,0
81074,2026-04-08 15:23:01,2026-04-08,1,5,65,attack,11,1,5,4,1,0.8000,0.2000,0.0000,0.0000,0,0,0,0,0,0,0,0,0,0,0,0,0,0,0,0,0,0x0000,WAIT,0,0,0,1,attack,0,bonus_bs15_gae3_no,2575000,100,47,63528,225000,28.23,0
81075,2026-04-08 15:23:14,2026-04-08,1,6,65,attack,11,1,6,4,1,0.6667,0.1667,0.0000,0.0000,0,0,0,0,0,0,0,0,0,0,0,0,0,0,0,0,0,0x0000,WAIT,0,0,0,0,,0,bonus_bs15_gae3_no,2575000,100,47,63528,225000,28.23,0
81076,2026-04-08 15:23:15,2026-04-08,1,7,65,shield,11,1,7,4,1,0.5714,0.1429,0.0000,0.0000,0,0,0,0,0,0,0,0,0,0,0,0,0,0,0,0,0,0x0000,WAIT,0,0,0,1,shield,0,bonus_bs15_gae3_no,2575000,100,47,63528,225000,28.23,0
81077,2026-04-08 15:23:16,2026-04-08,1,8,65,attack,11,1,8,4,1,0.5000,0.1250,0.0000,0.0000,0,0,0,0,0,0,0,0,0,0,0,0,0,0,0,0,0,0x0000,WAIT,0,0,0,1,attack,0,bonus_bs15_gae3_no,2575000,100,47,63528,225000,28.23,0
81078,2026-04-08 15:23:21,2026-04-08,1,9,65,attack,11,1,9,4,3,0.4444,0.3333,0.4444,0.0000,0,0,0,0,0,0,0,0,0,0,0,0,0,0,0,0,0,0x0000,WAIT,0,0,0,0,,0,bonus_bs15_gae3_no,2575000,100,47,63528,225000,28.23,0
81079,2026-04-08 15:23:21,2026-04-08,1,10,65,attack,11,1,10,4,3,0.4000,0.3000,-0.1000,0.0000,0,0,0,0,0,0,0,0,0,0,0,0,0,0,0,0,0,0x0000,WAIT,0,0,0,1,attack,0,bonus_bs15_gae3_no,2575000,100,47,63528,225000,28.23,0
81080,2026-04-08 15:23:26,2026-04-08,1,11,65,attack,11,1,11,4,3,0.3636,0.2727,-0.3030,0.3636,0,0,0,0,0,0,0,0,0,0,0,0,0,0,0,0,0,0x0000,WAIT,0,0,0,0,,0,bonus_bs15_gae3_no,2575000,100,47,63528,225000,28.23,0
81081,2026-04-08 15:23:27,2026-04-08,1,12,65,attack,11,1,12,4,3,0.3333,0.2500,-0.6667,-0.1667,0,0,0,0,0,0,0,0,0,0,0,0,0,0,0,0,0,0x0000,WAIT,0,0,0,0,,0,bonus_bs15_gae3_no,2575000,100,47,63528,225000,28.23,0
81082,2026-04-08 15:23:27,2026-04-08,1,13,65,attack,11,1,13,4,3,0.3077,0.2308,-0.4923,-0.3590,0,0,0,0,0,0,0,0,0,0,0,0,0,0,0,0,0,0x0000,WAIT,0,0,0,0,,0,bonus_bs15_gae3_no,2575000,100,47,63528,225000,28.23,0
81083,2026-04-08 15:23:28,2026-04-08,1,14,65,attack,11,1,14,4,3,0.2857,0.2143,-0.3810,-0.7143,0,0,0,0,0,0,0,0,0,0,0,0,0,0,0,0,0,0x0000,WAIT,0,0,0,0,,0,bonus_bs15_gae3_no,2575000,100,47,63528,225000,28.23,0
81084,2026-04-08 15:23:29,2026-04-08,1,15,65,attack,11,1,15,4,3,0.2667,0.2000,-0.3048,-0.5333,0,0,0,0,0,0,0,0,0,0,0,0,0,0,0,0,0,0x0000,WAIT,0,0,0,1,,0,bonus_bs15_gae3_no,2575000,100,47,63528,225000,28.23,0
81085,2026-04-08 15:23:30,2026-04-08,1,16,65,steal,11,1,16,4,3,0.2500,0.1875,-0.2500,-0.4167,0,0,0,0,0,0,0,0,0,0,0,0,0,0,0,0,0,0x0000,WAIT,0,0,0,1,steal,0,bonus_bs15_gae3_no,2575000,100,47,63528,225000,28.23,0
81086,2026-04-08 15:23:35,2026-04-08,1,17,65,steal,11,1,17,4,3,0.2353,0.1765,-0.2092,-0.3361,0,0,0,0,0,0,0,0,0,0,0,0,0,0,0,0,0,0x0000,WAIT,0,0,0,1,,0,bonus_bs15_gae3_no,2575000,100,47,63528,225000,28.23,0
81087,2026-04-08 15:23:37,2026-04-08,1,18,65,steal,11,1,18,5,3,0.2778,0.1667,-0.1222,-0.2222,0,0,0,0,0,0,0,0,0,0,0,0,0,0,0,0,0,0x0000,WAIT,0,0,0,0,,0,bonus_bs15_gae3_no,2575000,100,47,63529,225000,28.24,0
81088,2026-04-08 15:23:38,2026-04-08,1,19,65,steal,11,1,19,5,3,0.2632,0.1579,-0.1005,-0.1813,0,0,0,0,0,0,0,0,0,0,0,0,0,0,0,0,0,0x0000,WAIT,0,0,0,0,,0,bonus_bs15_gae3_no,2575000,100,47,63529,225000,28.24,0
81089,2026-04-08 15:23:39,2026-04-08,1,20,65,steal,11,1,20,7,3,0.3500,0.1500,0.0167,-0.0500,0,0,0,0,0,0,0,0,0,0,0,0,0,0,0,0,0,0x0000,WAIT,0,0,0,0,,0,bonus_bs15_gae3_no,2575000,100,47,63531,225000,28.24,0
81090,2026-04-08 15:23:40,2026-04-08,1,21,65,steal,11,1,21,7,3,0.3333,0.1429,0.0256,-0.0303,0,0,0,0,0,0,0,0,0,0,0,0,0,0,0,0,0,0x0000,WAIT,0,0,0,0,,0,bonus_bs15_gae3_no,2575000,100,47,63531,225000,28.24,0
81091,2026-04-08 15:23:41,2026-04-08,1,22,65,steal,11,1,22,7,3,0.3182,0.1364,0.0325,-0.0152,0,0,0,0,0,0,0,0,0,0,0,0,0,0,0,0,0,0x0000,WAIT,0,0,0,1,,0,bonus_bs15_gae3_no,2575000,100,47,63531,225000,28.24,0
81092,2026-04-08 15:23:41,2026-04-08,1,23,65,steal,11,1,23,7,4,0.3043,0.1739,0.0377,-0.0033,0,0,0,0,0,0,0,0,0,0,0,0,0,0,0,0,0,0x0000,WAIT,0,0,0,0,,0,bonus_bs15_gae3_no,2575000,100,47,63531,225000,28.24,0
81093,2026-04-08 15:23:42,2026-04-08,1,24,65,steal,11,1,24,9,4,0.3750,0.1667,0.1250,0.0893,0,0,0,0,0,0,0,0,0,0,0,0,0,0,0,0,0,0x0000,WAIT,0,0,0,0,,0,bonus_bs15_gae3_no,2575000,100,47,63533,225000,28.24,0
81094,2026-04-08 15:23:44,2026-04-08,1,25,65,steal,11,1,25,9,4,0.3600,0.1600,0.1247,0.0933,0,0,0,0,0,0,0,0,0,0,0,0,0,0,0,0,0,0x0000,WAIT,0,0,0,0,,0,bonus_bs15_gae3_no,2575000,100,47,63533,225000,28.24,0
81095,2026-04-08 15:23:44,2026-04-08,1,26,26,accumulation,11,1,0,0,0,0.0000,0.0000,0.0000,0.0000,0,0,0,0,0,0,0,0,0,0,0,0,0,0,0,0,0,0x0000,WAIT,0,0,0,1,accumulation,0,bonus_bs15_gae3_no,2575000,100,47,63543,225000,28.24,0
81096,2026-04-08 15:23:45,2026-04-08,2,1,26,accumulation,11,1,1,0,0,0.0000,0.0000,0.0000,0.0000,0,0,0,0,0,0,0,0,0,0,0,0,0,0,0,0,0,0x0000,WAIT,0,0,0,1,,0,bonus_bs15_gae3_no,2575000,100,47,63543,225000,28.24,0
81097,2026-04-08 15:23:46,2026-04-08,2,2,26,attack,11,1,2,0,0,0.0000,0.0000,0.0000,0.0000,0,0,0,0,0,0,0,0,0,0,0,0,0,0,0,0,0,0x0000,WAIT,0,0,0,1,attack,0,bonus_bs15_gae3_no,2575000,100,47,63543,225000,28.24,0
81098,2026-04-08 15:23:51,2026-04-08,2,3,26,attack,11,1,3,0,0,0.0000,0.0000,0.0000,0.0000,0,0,0,0,0,0,0,0,0,0,0,0,0,0,0,0,0,0x0000,WAIT,0,0,0,1,,0,bonus_bs15_gae3_no,2575000,100,47,63543,225000,28.24,0
81099,2026-04-08 15:23:51,2026-04-08,2,4,26,attack,11,1,4,0,0,0.0000,0.0000,0.0000,0.0000,0,0,0,0,0,0,0,0,0,0,0,0,0,0,0,0,0,0x0000,WAIT,0,0,0,0,,0,bonus_bs15_gae3_no,2575000,100,47,63543,225000,28.24,0
81100,2026-04-08 15:23:52,2026-04-08,2,5,26,attack,11,1,5,0,0,0.0000,0.0000,0.0000,0.0000,0,0,0,0,0,0,0,0,0,0,0,0,0,0,0,0,0,0x0000,WAIT,0,0,0,0,,0,bonus_bs15_gae3_no,2575000,100,47,63543,225000,28.24,0
81101,2026-04-08 15:23:53,2026-04-08,2,6,26,attack,11,1,6,0,0,0.0000,0.0000,0.0000,0.0000,0,0,0,0,0,0,0,0,0,0,0,0,0,0,0,0,0,0x0000,WAIT,0,0,0,0,,0,bonus_bs15_gae3_no,2575000,100,47,63543,225000,28.24,0
81102,2026-04-08 15:23:53,2026-04-08,2,7,26,attack,11,1,7,1,0,0.1429,0.0000,0.0000,0.0000,0,0,0,0,0,0,0,0,0,0,0,0,0,0,0,0,0,0x0000,WAIT,0,0,0,0,,0,bonus_bs15_gae3_no,2575000,100,47,63544,225000,28.24,0
81103,2026-04-08 15:23:54,2026-04-08,2,8,26,attack,11,1,8,1,1,0.1250,0.1250,0.0000,0.0000,0,0,0,0,0,0,0,0,0,0,0,0,0,0,0,0,0,0x0000,WAIT,0,0,0,0,,0,bonus_bs15_gae3_no,2575000,100,47,63544,225000,28.24,0
81104,2026-04-08 15:23:55,2026-04-08,2,9,26,attack,11,1,9,2,1,0.2222,0.1111,0.2222,0.0000,0,0,0,0,0,0,0,0,0,0,0,0,0,0,0,0,0,0x0000,WAIT,0,0,0,0,,0,bonus_bs15_gae3_no,2575000,100,47,63545,225000,28.24,0
81105,2026-04-08 15:23:56,2026-04-08,2,10,26,attack,11,1,10,2,2,0.2000,0.2000,0.2000,0.0000,0,0,0,0,0,0,0,0,0,0,0,0,0,0,0,0,0,0x0000,WAIT,0,0,0,0,,0,bonus_bs15_gae3_no,2575000,100,47,63545,225000,28.24,0
81106,2026-04-08 15:23:57,2026-04-08,2,11,26,attack,11,1,11,3,2,0.2727,0.1818,0.2727,0.2727,0,0,0,0,0,0,0,0,0,0,0,0,0,0,0,0,0,0x0000,WAIT,0,0,0,0,,0,bonus_bs15_gae3_no,2575000,100,47,63546,225000,28.24,0
81107,2026-04-08 15:23:58,2026-04-08,2,12,26,attack,11,1,12,3,2,0.2500,0.1667,0.2500,0.2500,0,0,0,0,0,0,0,0,0,0,0,0,0,0,0,0,0,0x0000,WAIT,0,0,0,1,attack,0,bonus_bs15_gae3_no,2575000,100,47,63546,225000,28.24,0
81108,2026-04-08 15:24:03,2026-04-08,2,13,26,attack,11,1,13,3,3,0.2308,0.2308,0.2308,0.2308,0,0,0,0,0,0,0,0,0,0,0,0,0,0,0,0,0,0x0000,WAIT,0,0,0,0,,0,bonus_bs15_gae3_no,2575000,100,47,63546,225000,28.24,0
81109,2026-04-08 15:24:04,2026-04-08,2,14,26,steal,11,1,14,3,3,0.2143,0.2143,0.2143,0.2143,0,0,0,0,0,0,0,0,0,0,0,0,0,0,0,0,0,0x0000,WAIT,0,0,0,1,steal,0,bonus_bs15_gae3_no,2575000,100,47,63546,225000,28.24,0
81110,2026-04-08 15:24:09,2026-04-08,2,15,26,steal,11,1,15,3,3,0.2000,0.2000,0.0571,0.2000,0,0,0,0,0,0,0,0,0,0,0,0,0,0,0,0,0,0x0000,WAIT,0,0,0,0,,0,bonus_bs15_gae3_no,2575000,100,47,63546,225000,28.24,0
81111,2026-04-08 15:24:10,2026-04-08,2,16,26,shield,11,1,16,3,3,0.1875,0.1875,0.0625,0.1875,0,0,0,0,0,0,0,0,0,0,0,0,0,0,0,0,0,0x0000,WAIT,0,0,0,1,shield,0,bonus_bs15_gae3_no,2575000,100,47,63546,225000,28.24,0
81112,2026-04-08 15:24:11,2026-04-08,2,17,26,shield,11,1,17,3,3,0.1765,0.1765,-0.0458,0.0336,0,0,0,0,0,0,0,0,0,0,0,0,0,0,0,0,0,0x0000,WAIT,0,0,0,1,,0,bonus_bs15_gae3_no,2575000,100,47,63546,225000,28.24,0
81113,2026-04-08 15:24:12,2026-04-08,2,18,26,shield,11,1,18,4,3,0.2222,0.1667,0.0222,0.0972,0,0,0,0,0,0,0,0,0,0,0,0,0,0,0,0,0,0x0000,WAIT,0,0,0,0,,0,bonus_bs15_gae3_no,2575000,100,47,63547,225000,28.24,0
81114,2026-04-08 15:24:13,2026-04-08,2,19,26,shield,11,1,19,4,5,0.2105,0.2632,-0.0622,-0.0117,0,0,0,0,0,0,0,0,0,0,0,0,0,0,0,0,0,0x0000,WAIT,0,0,0,0,,0,bonus_bs15_gae3_no,2575000,100,47,63547,225000,28.24,0
81115,2026-04-08 15:24:14,2026-04-08,2,20,26,shield,11,1,20,4,5,0.2000,0.2500,-0.0500,0.0000,0,0,0,0,0,0,0,0,0,0,0,0,0,0,0,0,0,0x0000,WAIT,0,0,0,0,,0,bonus_bs15_gae3_no,2575000,100,47,63547,225000,28.24,0
81116,2026-04-08 15:24:14,2026-04-08,2,21,26,shield,11,1,21,6,5,0.2857,0.2381,0.0549,0.0130,0,0,0,0,0,0,0,0,0,0,0,0,0,0,0,0,0,0x0000,WAIT,0,0,0,0,,0,bonus_bs15_gae3_no,2575000,100,47,63549,225000,28.24,0
81117,2026-04-08 15:24:16,2026-04-08,2,22,26,attack,11,1,22,6,5,0.2727,0.2273,0.0584,0.0227,0,0,0,0,0,0,0,0,0,0,0,0,0,0,0,0,0,0x0000,WAIT,0,0,0,1,attack,0,bonus_bs15_gae3_no,2575000,100,47,63549,225000,28.24,0
81118,2026-04-08 15:24:20,2026-04-08,2,23,26,attack,11,1,23,6,5,0.2609,0.2174,0.0609,0.0301,0,0,0,0,0,0,0,0,0,0,0,0,0,0,0,0,0,0x0000,WAIT,0,0,0,0,,0,bonus_bs15_gae3_no,2575000,100,47,63549,225000,28.24,0
81119,2026-04-08 15:24:21,2026-04-08,2,24,26,attack,11,1,24,6,5,0.2500,0.2083,0.0625,0.0357,0,0,0,0,0,0,0,0,0,0,0,0,0,0,0,0,0,0x0000,WAIT,0,0,0,0,,0,bonus_bs15_gae3_no,2575000,100,47,63549,225000,28.24,0
81120,2026-04-08 15:24:22,2026-04-08,2,25,26,shield,11,1,25,6,5,0.2400,0.2000,0.0635,0.0400,0,0,0,0,0,0,0,0,0,0,0,0,0,0,0,0,0,0x0000,WAIT,0,0,0,1,shield,0,bonus_bs15_gae3_no,2575000,100,47,63549,225000,28.24,0
81121,2026-04-08 15:24:23,2026-04-08,2,26,26,shield,11,1,26,6,5,0.2308,0.1923,0.0085,0.0433,0,0,0,0,0,0,0,0,0,0,0,0,0,0,0,0,0,0x0000,WAIT,0,0,0,0,,0,bonus_bs15_gae3_no,2575000,100,47,63549,225000,28.24,0
81122,2026-04-08 15:24:23,2026-04-08,2,27,26,shield,11,1,27,6,5,0.2222,0.1852,0.0117,0.0458,0,0,0,0,0,0,0,0,0,0,0,0,0,0,0,0,0,0x0000,WAIT,0,0,0,0,,0,bonus_bs15_gae3_no,2575000,100,47,63549,225000,28.24,0
81123,2026-04-08 15:24:24,2026-04-08,2,28,26,shield,11,1,28,6,5,0.2143,0.1786,0.0143,-0.0079,0,0,0,0,0,0,0,0,0,0,0,0,0,0,0,0,0,0x0000,WAIT,0,0,0,1,,0,bonus_bs15_gae3_no,2575000,100,47,63549,225000,28.24,0
81124,2026-04-08 15:24:25,2026-04-08,2,29,26,shield,11,1,29,6,6,0.2069,0.2069,-0.0788,-0.0036,0,0,0,0,0,0,0,0,0,0,0,0,0,0,0,0,0,0x0000,WAIT,0,0,0,0,,0,bonus_bs15_gae3_no,2575000,100,47,63549,225000,28.24,0
81125,2026-04-08 15:24:26,2026-04-08,2,30,26,shield,11,1,30,7,6,0.2333,0.2000,-0.0394,0.0333,0,0,0,0,0,0,0,0,0,0,0,0,0,0,0,0,0,0x0000,WAIT,0,0,0,0,,0,bonus_bs15_gae3_no,2575000,100,47,63550,225000,28.24,0
81126,2026-04-08 15:24:28,2026-04-08,2,31,26,shield,11,1,31,7,7,0.2258,0.2258,-0.0351,-0.0599,0,0,0,0,0,0,0,0,0,0,0,0,0,0,0,0,0,0x0000,WAIT,0,0,0,0,,0,bonus_bs15_gae3_no,2575000,100,47,63550,225000,28.24,0
81127,2026-04-08 15:24:29,2026-04-08,2,32,26,shield,11,1,32,7,7,0.2188,0.2188,-0.0312,-0.0540,0,0,0,0,0,0,0,0,0,0,0,0,0,0,0,0,0,0x0000,WAIT,0,0,0,1,,0,bonus_bs15_gae3_no,2575000,100,47,63550,225000,28.24,0
81128,2026-04-08 15:24:29,2026-04-08,2,33,26,shield,11,1,33,9,7,0.2727,0.2121,0.0327,0.0119,0,0,0,0,0,0,0,0,0,0,0,0,0,0,0,0,0,0x0000,WAIT,0,0,0,0,,0,bonus_bs15_gae3_no,2575000,100,47,63552,225000,28.25,0
81129,2026-04-08 15:24:31,2026-04-08,2,34,26,attack,11,1,34,9,7,0.2647,0.2059,0.0339,0.0147,0,0,0,0,0,0,0,0,0,0,0,0,0,0,0,0,0,0x0000,WAIT,0,0,0,1,attack,0,bonus_bs15_gae3_no,2575000,100,47,63552,225000,28.25,0
81130,2026-04-08 15:24:35,2026-04-08,2,35,26,attack,11,1,35,11,7,0.3143,0.2000,0.0921,0.0743,0,0,0,0,0,0,0,0,0,0,0,0,0,0,0,0,0,0x0000,WAIT,0,0,0,0,,0,bonus_bs15_gae3_no,2575000,100,47,63554,225000,28.25,0
81131,2026-04-08 15:24:36,2026-04-08,2,36,26,attack,11,1,36,12,7,0.3333,0.1944,0.1190,0.1026,0,0,0,0,0,0,0,0,0,0,0,0,0,0,0,0,0,0x0000,WAIT,0,0,0,0,,0,bonus_bs15_gae3_no,2575000,100,47,63555,225000,28.25,0
81132,2026-04-08 15:24:37,2026-04-08,2,37,26,shield,11,1,37,12,7,0.3243,0.1892,0.1174,0.1021,0,0,0,0,0,0,0,0,0,0,0,0,0,0,0,0,0,0x0000,WAIT,0,0,0,1,shield,0,bonus_bs15_gae3_no,2575000,100,47,63555,225000,28.25,0
81133,2026-04-08 15:24:38,2026-04-08,2,38,26,shield,11,1,38,12,7,0.3158,0.1842,0.0825,0.1015,0,0,0,0,0,0,0,0,0,0,0,0,0,0,0,0,0,0x0000,WAIT,0,0,0,1,shield,0,bonus_bs15_gae3_no,2575000,100,47,63555,225000,28.25,0
81134,2026-04-08 15:24:39,2026-04-08,2,39,26,shield,11,1,39,12,7,0.3077,0.1795,0.0819,0.1008,0,0,0,0,0,0,0,0,0,0,0,0,0,0,0,0,0,0x0000,WAIT,0,0,0,1,,0,bonus_bs15_gae3_no,2575000,100,47,63555,225000,28.25,0
81135,2026-04-08 15:24:40,2026-04-08,2,40,26,shield,11,1,40,12,9,0.3000,0.2250,0.0812,0.0667,0,0,0,0,0,0,0,0,0,0,0,0,0,0,0,0,0,0x0000,WAIT,0,0,0,0,,0,bonus_bs15_gae3_no,2575000,100,47,63555,225000,28.25,0
81136,2026-04-08 15:24:41,2026-04-08,2,41,26,shield,11,1,41,12,10,0.2927,0.2439,0.0200,0.0669,0,0,0,0,0,0,0,0,0,0,0,0,0,0,0,0,0,0x0000,WAIT,0,0,0,0,,0,bonus_bs15_gae3_no,2575000,100,47,63555,225000,28.25,0
81137,2026-04-08 15:24:42,2026-04-08,2,42,26,shield,11,1,42,13,10,0.3095,0.2381,0.0448,0.0908,0,0,0,0,0,0,0,0,0,0,0,0,0,0,0,0,0,0x0000,WAIT,0,0,0,0,,0,bonus_bs15_gae3_no,2575000,100,47,63556,225000,28.25,0
81138,2026-04-08 15:24:43,2026-04-08,2,43,26,shield,11,1,43,13,10,0.3023,0.2326,-0.0120,0.0296,0,0,0,0,0,0,0,0,0,0,0,0,0,0,0,0,0,0x0000,WAIT,0,0,0,0,,0,bonus_bs15_gae3_no,2575000,100,47,63556,225000,28.25,0
81139,2026-04-08 15:24:44,2026-04-08,2,44,26,shield,11,1,44,14,10,0.3182,0.2273,-0.0152,0.0535,0,0,0,0,0,0,0,0,0,0,0,0,0,0,0,0,0,0x0000,WAIT,0,0,0,0,,0,bonus_bs15_gae3_no,2575000,100,47,63557,225000,28.25,0
81140,2026-04-08 15:24:45,2026-04-08,2,45,26,attack,11,1,45,14,10,0.3111,0.2222,-0.0132,-0.0032,0,0,0,0,0,0,0,0,0,0,0,0,0,0,0,0,0,0x0000,WAIT,0,0,0,1,attack,0,bonus_bs15_gae3_no,2575000,100,47,63557,225000,28.25,0
81141,2026-04-08 15:24:49,2026-04-08,2,46,26,attack,11,1,46,14,10,0.3043,0.2174,-0.0114,-0.0290,0,0,0,0,0,0,0,0,0,0,0,0,0,0,0,0,0,0x0000,WAIT,0,0,0,0,,0,bonus_bs15_gae3_no,2575000,100,47,63557,225000,28.25,0
81142,2026-04-08 15:24:50,2026-04-08,2,47,26,attack,11,1,47,14,10,0.2979,0.2128,-0.0098,-0.0265,0,0,0,0,0,0,0,0,0,0,0,0,0,0,0,0,0,0x0000,WAIT,0,0,0,0,,0,bonus_bs15_gae3_no,2575000,100,47,63557,225000,28.25,0
81143,2026-04-08 15:24:51,2026-04-08,2,48,26,attack,11,1,48,15,10,0.3125,0.2083,0.0125,-0.0033,0,0,0,0,0,0,0,0,0,0,0,0,0,0,0,0,0,0x0000,WAIT,0,0,0,0,,0,bonus_bs15_gae3_no,2575000,100,47,63558,225000,28.25,0
81144,2026-04-08 15:24:52,2026-04-08,2,49,26,attack,11,1,49,16,10,0.3265,0.2041,0.0338,0.0188,0,0,0,0,0,0,0,0,0,0,0,0,0,0,0,0,0,0x0000,WAIT,0,0,0,0,,0,bonus_bs15_gae3_no,2575000,100,47,63559,225000,28.25,0
81145,2026-04-08 15:24:53,2026-04-08,2,50,26,attack,11,1,50,16,10,0.3200,0.2000,0.0105,0.0200,0,0,0,0,0,0,0,0,0,0,0,0,0,0,0,0,0,0x0000,WAIT,0,0,0,0,,0,bonus_bs15_gae3_no,2575000,100,47,63559,225000,28.25,0
81146,2026-04-08 15:24:54,2026-04-08,2,51,26,attack,11,1,51,16,10,0.3137,0.1961,0.0114,0.0210,0,0,0,0,0,0,0,0,0,0,0,0,0,0,0,0,0,0x0000,WAIT,0,0,0,1,,0,bonus_bs15_gae3_no,2575000,100,47,63559,225000,28.25,0
81147,2026-04-09 14:59:00,2026-04-08,0,1,26,attack,11,1,52,17,10,0.3269,0.1923,0.3269,0.3269,0,0,0,0,0,0,0,0,0,0,0,0,0,0,0,0,0,0x0000,WAIT,0,0,0,0,,0,,2575000,100,47,63560,225000,28.25,0
81148,2026-04-09 15:09:22,2026-04-08,0,2,26,spins,11,1,53,17,13,0.3208,0.2453,0.3208,0.3208,0,0,0,0,0,0,0,0,0,0,0,0,0,0,0,0,0,0x0000,WAIT,0,0,0,1,spins,0,bonus_bs15_gae3_no,2575000,100,47,63560,225000,28.25,0
81149,2026-04-09 15:09:38,2026-04-08,0,3,26,spins,11,1,54,17,14,0.3148,0.2593,0.3148,0.3148,0,0,0,0,0,0,0,0,0,0,0,0,0,0,0,0,0,0x0000,WAIT,0,0,0,0,,0,bonus_bs15_gae3_no,2575000,100,47,63560,225000,28.25,0
81150,2026-04-09 15:09:40,2026-04-08,0,4,26,spins,11,1,55,17,15,0.3091,0.2727,0.3091,0.3091,0,0,0,0,0,0,0,0,0,0,0,0,0,0,0,0,0,0x0000,SOON,0,0,0,0,,0,bonus_bs15_gae3_no,2575000,100,47,63560,225000,28.25,0
81151,2026-04-09 15:09:42,2026-04-08,0,5,26,spins,11,1,56,17,16,0.3036,0.2857,0.3036,0.3036,0,0,0,0,0,0,0,0,0,0,0,0,0,0,0,0,0,0x0000,SOON,0,0,0,0,,0,bonus_bs15_gae3_no,2575000,100,47,63560,225000,28.25,0
81152,2026-04-09 15:09:45,2026-04-08,0,6,26,spins,11,1,57,17,16,0.2982,0.2807,0.2982,0.2982,0,0,0,0,0,0,0,0,0,0,0,0,0,0,0,0,0,0x0000,SOON,0,0,0,0,,0,bonus_bs15_gae3_no,2575000,100,47,63560,225000,28.25,0
81153,2026-04-09 15:10:11,2026-04-08,0,7,26,spins,11,1,58,17,17,0.2931,0.2931,0.2931,0.2931,0,0,0,0,0,0,0,0,0,0,0,0,0,0,0,0,0,0x0000,SOON,0,0,0,0,,0,bonus_bs15_gae3_no,2575000,100,47,63560,225000,28.25,0
81154,2026-04-09 15:10:22,2026-04-08,0,8,26,spins,11,1,59,17,18,0.2881,0.3051,0.2881,0.2881,0,0,0,0,0,0,0,0,0,0,0,0,0,0,0,0,0,0x0000,SOON,0,0,0,0,,0,bonus_bs15_gae3_no,2575000,100,47,63560,225000,28.25,0
81155,2026-04-09 15:10:25,2026-04-08,0,9,26,spins,11,1,60,17,18,0.2833,0.3000,-0.0436,0.2833,0,0,0,0,0,0,0,0,0,0,0,0,0,0,0,0,0,0x0000,SOON,0,0,0,0,,0,bonus_bs15_gae3_no,2575000,100,47,63560,225000,28.25,0
