i,session,gap_length,prev_gap,mission,event,cum_spins_start,K_start,run_mean_prior,run_median_prior,expected_K_at100,deficit_K_at100,deficit_spins_at100,deficit_spins_at_median,prev2_sum,prev3_sum,pred_3win_300minus,pred_4win_400minus,pred_baseline,pred_lag1,pred_deficit_x033,err_baseline,err_lag1,err_3win,err_4win,err_deficit_x033
0,S0,82,,37,bonus_bs15_gae3_no,0,0,100.0,100.0,0.0,0.0,0.0,0.0,,,,,100.0,,100.0,-18.0,,,,-18.0
1,S0,146,82,37,,82,1,82.0,82,0.82,-0.18,-18.0,0.0,,,,,82.0,108.1,87.9,64.0,37.9,,,58.1
2,S0,21,146,37,bonus_bs15_gae3_no,228,2,114.0,114.0,2.28,0.28,28.0,0.0,228,,72,,114.0,87.1,104.8,-93.0,-66.1,-51,,-83.8
3,S0,59,21,37,bonus_bs15_gae3_no,249,3,83.0,82,2.49,-0.51,-51.0,3.0,167,249,133,151,83.0,128.2,99.8,-24.0,-69.2,-74,-92,-40.8
4,S0,149,59,37,bonus_bs15_gae3_no,308,4,77.0,70.5,3.08,-0.92,-92.0,26.0,80,226,220,174,77.0,115.7,107.4,72.0,33.3,-71,-25,41.6
5,S0,46,149,37,bonus_bs15_gae3_no,457,5,91.4,82,4.57,-0.43,-43.0,47.0,208,229,92,171,91.4,86.1,105.6,-45.4,-40.1,-46,-125,-59.6
6,S0,87,46,37,bonus_bs15_gae3_no,503,6,83.8,70.5,5.03,-0.97,-97.0,80.0,195,254,105,146,83.8,120.0,115.8,3.2,-33.0,-18,-59,-28.8
7,S0,151,87,37,bonus_bs15_gae3_no,590,7,84.3,82,5.9,-1.1,-110.0,16.0,133,282,167,118,84.3,106.5,120.6,66.7,44.5,-16,33,30.4
8,S0,93,151,37,bonus_bs15_gae3_no,741,8,92.6,84.5,7.41,-0.59,-59.0,65.0,238,284,62,116,92.6,85.4,112.1,0.4,7.6,31,-23,-19.1
9,S0,49,93,37,bonus_bs15_gae3_no,834,9,92.7,87,8.34,-0.66,-66.0,51.0,244,331,56,69,92.7,104.5,114.4,-43.7,-55.5,-7,-20,-65.4
10,S0,129,49,37,bonus_bs15_gae3_no,883,10,88.3,84.5,8.83,-1.17,-117.0,38.0,142,293,158,107,88.3,119.0,126.9,40.7,10.0,-29,22,2.1
11,S0,136,129,37,bonus_bs15_gae3_no,1012,11,92.0,87,10.12,-0.88,-88.0,55.0,178,271,122,129,92.0,92.7,121.0,44.0,43.3,14,7,15.0
12,S0,19,136,37,bonus_bs15_gae3_no,1148,12,95.7,90.0,11.48,-0.52,-52.0,68.0,265,314,35,86,95.7,90.4,112.8,-76.7,-71.4,-16,-67,-93.8
13,S0,132,19,37,bonus_bs15_gae3_no,1167,13,89.8,87,11.67,-1.33,-133.0,36.0,155,284,145,116,89.8,128.8,133.7,42.2,3.2,-13,16,-1.7
14,S0,71,132,37,bonus_bs15_gae3_no,1299,14,92.8,90.0,12.99,-1.01,-101.0,39.0,151,287,149,113,92.8,91.7,126.1,-21.8,-20.7,-78,-42,-55.1
15,S0,136,71,37,bonus_bs15_gae3_no,1370,15,91.3,87,13.7,-1.3,-130.0,65.0,203,222,97,178,91.3,111.7,134.2,44.7,24.3,39,-42,1.8
16,S0,68,136,37,bonus_bs15_gae3_no,1506,16,94.1,90.0,15.06,-0.94,-94.0,66.0,207,339,93,61,94.1,90.4,125.1,-26.1,-22.4,-25,7,-57.1
17,S0,65,68,37,bonus_bs15_gae3_no,1574,17,92.6,87,15.74,-1.26,-126.0,95.0,204,275,96,125,92.6,112.7,134.2,-27.6,-47.7,-31,-60,-69.2
18,S0,55,65,37,bonus_bs15_gae3_no,1639,18,91.1,84.5,16.39,-1.61,-161.0,118.0,133,269,167,131,91.1,113.7,144.2,-36.1,-58.7,-112,-76,-89.2
19,S0,28,55,37,bonus_bs15_gae3_no,1694,19,89.2,82,16.94,-2.06,-206.0,136.0,120,188,180,212,89.2,117.0,157.1,-61.2,-89.0,-152,-184,-129.1
20,S0,100,28,37,bonus_bs15_gae3_no,1722,20,86.1,76.5,17.22,-2.78,-278.0,192.0,83,148,217,252,86.1,125.9,177.8,13.9,-25.9,-117,-152,-77.8
21,S0,30,100,37,bonus_bs15_gae3_no,1822,21,86.8,82,18.22,-2.78,-278.0,100.0,128,183,172,217,86.8,102.2,178.5,-56.8,-72.2,-142,-187,-148.5
22,S0,39,30,37,bonus_bs15_gae3_no,1852,22,84.2,76.5,18.52,-3.48,-348.0,169.0,130,158,170,242,84.2,125.2,199.0,-45.2,-86.2,-131,-203,-160.0
23,S0,12,39,37,bonus_bs15_gae3_no,1891,23,82.2,71,18.91,-4.09,-409.0,258.0,69,169,231,231,82.2,122.3,217.2,-70.2,-110.3,-219,-219,-205.2
24,S0,34,12,37,bonus_bs15_gae3_no,1903,24,79.3,69.5,19.03,-4.97,-497.0,235.0,51,81,249,319,79.3,131.2,243.3,-45.3,-97.2,-215,-285,-209.3
25,S0,394,34,37,bonus_bs15_gae3_no,1937,25,77.5,68,19.37,-5.63,-563.0,237.0,46,85,254,315,77.5,123.9,263.3,316.5,270.1,140,79,130.7
26,S0,3,394,37,bonus_bs15_gae3_no,2331,26,89.7,69.5,23.31,-2.69,-269.0,524.0,428,440,-128,-40,89.7,5.5,178.4,-86.7,-2.5,131,43,-175.4
27,S0,185,3,37,bonus_bs15_gae3_no,2334,27,86.4,68,23.34,-3.66,-366.0,498.0,397,431,-97,-31,86.4,134.1,207.2,98.6,50.9,282,216,-22.2
28,S0,35,185,37,bonus_bs15_gae3_no,2519,28,90.0,69.5,25.19,-2.81,-281.0,573.0,188,582,112,-182,90.0,74.2,182.7,-55.0,-39.2,-77,217,-147.7
29,S0,123,35,37,bonus_bs15_gae3_no,2554,29,88.1,68,25.54,-3.46,-346.0,582.0,220,223,80,177,88.1,123.6,202.2,34.9,-0.6,43,-54,-79.2
30,S0,73,123,37,bonus_bs15_gae3_no,2677,30,89.2,69.5,26.77,-3.23,-323.0,592.0,158,343,142,57,89.2,94.6,195.8,-16.2,-21.6,-69,16,-122.8
31,S0,177,73,37,bonus_bs15_gae3_no,2750,31,88.7,71,27.5,-3.5,-350.0,549.0,196,231,104,169,88.7,111.1,204.2,88.3,65.9,73,8,-27.2
32,S0,7,177,37,bonus_bs15_gae3_no,2927,32,91.5,72.0,29.27,-2.73,-273.0,623.0,250,373,50,27,91.5,76.9,181.6,-84.5,-69.9,-43,-20,-174.6
33,S0,127,7,37,bonus_bs15_gae3_no,2934,33,88.9,71,29.34,-3.66,-366.0,591.0,184,257,116,143,88.9,132.8,209.7,38.1,-5.8,11,-16,-82.7
34,S0,64,127,37,bonus_bs15_gae3_no,3061,34,90.0,72.0,30.61,-3.39,-339.0,613.0,134,311,166,89,90.0,93.3,201.9,-26.0,-29.3,-102,-25,-137.9
35,S0,58,64,37,bonus_bs15_gae3_no,3125,35,89.3,71,31.25,-3.75,-375.0,640.0,191,198,109,202,89.3,114.0,213.0,-31.3,-56.0,-51,-144,-155.0
36,S0,191,58,37,bonus_bs15_gae3_no,3183,36,88.4,69.5,31.83,-4.17,-417.0,681.0,122,249,178,151,88.4,116.0,226.0,102.6,75.0,13,40,-35.0
37,S0,74,191,37,bonus_bs15_gae3_no,3374,37,91.2,71,33.74,-3.26,-326.0,747.0,249,313,51,87,91.2,72.3,198.8,-17.2,1.7,23,-13,-124.8
38,S0,62,74,37,bonus_bs15_gae3_no,3448,38,90.7,72.0,34.48,-3.52,-352.0,712.0,265,323,35,77,90.7,110.8,206.9,-28.7,-48.8,27,-15,-144.9
39,S0,107,62,37,bonus_bs15_gae3_no,3510,39,90.0,71,35.1,-3.9,-390.0,741.0,136,327,164,73,90.0,114.7,218.7,17.0,-7.7,-57,34,-111.7
40,S0,125,107,37,bonus_bs15_gae3_no,3617,40,90.4,72.0,36.17,-3.83,-383.0,737.0,169,243,131,157,90.4,99.9,216.8,34.6,25.1,-6,-32,-91.8
41,S0,144,125,37,bonus_bs15_gae3_no,3742,41,91.3,73,37.42,-3.58,-358.0,749.0,232,294,68,106,91.3,94.0,209.4,52.7,50.0,76,38,-65.4
42,S0,44,144,37,bonus_bs15_gae3_no,3886,42,92.5,73.5,38.86,-3.14,-314.0,799.0,269,376,31,24,92.5,87.7,196.1,-48.5,-43.7,13,20,-152.1
43,S0,169,44,37,bonus_bs15_gae3_no,3930,43,91.4,73,39.3,-3.7,-370.0,791.0,188,313,112,87,91.4,120.6,213.5,77.6,48.4,57,82,-44.5
44,S0,101,169,37,bonus_bs15_gae3_no,4099,44,93.2,73.5,40.99,-3.01,-301.0,865.0,213,357,87,43,93.2,79.5,192.5,7.8,21.5,14,58,-91.5
45,S0,107,101,37,bonus_bs15_gae3_no,4200,45,93.3,74,42.0,-3.0,-300.0,870.0,270,314,30,86,93.3,101.9,192.3,13.7,5.1,77,21,-85.3
46,S0,131,107,37,bonus_bs15_gae3_no,4307,46,93.6,78.0,43.07,-2.93,-293.0,719.0,208,377,92,23,93.6,99.9,190.3,37.4,31.1,39,108,-59.3
47,S0,24,131,37,bonus_bs15_gae3_no,4438,47,94.4,82,44.38,-2.62,-262.0,584.0,238,339,62,61,94.4,92.0,180.9,-70.4,-68.0,-38,-37,-156.9
48,S0,33,24,37,bonus_bs15_gae3_no,4462,48,93.0,78.0,44.62,-3.38,-338.0,718.0,155,262,145,138,93.0,127.2,204.5,-60.0,-94.2,-112,-105,-171.5
49,S0,80,33,37,bonus_bs15_gae3_no,4495,49,91.7,74,44.95,-4.05,-405.0,869.0,57,188,243,212,91.7,124.2,225.4,-11.7,-44.2,-163,-132,-145.4
50,S0,156,80,37,bonus_bs15_gae3_no,4575,50,91.5,77.0,45.75,-4.25,-425.0,725.0,113,137,187,263,91.5,108.8,231.8,64.5,47.2,-31,-107,-75.8
51,S0,44,156,37,bonus_bs15_gae3_no,4731,51,92.8,80,47.31,-3.69,-369.0,651.0,236,269,64,131,92.8,83.8,214.5,-48.8,-39.8,-20,-87,-170.5
52,S0,163,44,37,bonus_bs15_gae3_no,4775,52,91.8,77.0,47.75,-4.25,-425.0,771.0,200,280,100,120,91.8,120.6,232.1,71.2,42.4,63,43,-69.1
53,S0,53,163,37,bonus_bs15_gae3_no,4938,53,93.2,80,49.38,-3.62,-362.0,698.0,207,363,93,37,93.2,81.5,212.6,-40.2,-28.5,-40,16,-159.6
54,S0,245,53,37,bonus_bs15_gae3_no,4991,54,92.4,77.0,49.91,-4.09,-409.0,833.0,216,260,84,140,92.4,117.7,227.4,152.6,127.3,161,105,17.6
55,S0,69,245,37,bonus_bs15_gae3_no,5236,55,95.2,80,52.36,-2.64,-264.0,836.0,298,461,2,-61,95.2,54.5,182.3,-26.2,14.5,67,130,-113.3
56,S0,65,69,37,bonus_bs15_gae3_no,5305,56,94.7,77.0,53.05,-2.95,-295.0,993.0,314,367,-14,33,94.7,112.4,192.1,-29.7,-47.4,79,32,-127.1
57,S0,5,65,37,bonus_bs15_gae3_no,5370,57,94.2,74,53.7,-3.3,-330.0,1152.0,134,379,166,21,94.2,113.7,203.1,-89.2,-108.7,-161,-16,-198.1
58,S0,89,5,37,bonus_bs15_gae3_no,5375,58,92.7,73.5,53.75,-4.25,-425.0,1112.0,70,139,230,261,92.7,133.5,232.9,-3.7,-44.5,-141,-172,-143.9
59,S0,184,89,37,bonus_bs15_gae3_no,5464,59,92.6,74,54.64,-4.36,-436.0,1098.0,94,159,206,241,92.6,105.8,236.5,91.4,78.2,-22,-57,-52.5
60,S0,114,184,37,bonus_bs15_gae3_no,5648,60,94.1,77.0,56.48,-3.52,-352.0,1028.0,273,278,27,122,94.1,74.6,210.3,19.9,39.4,87,-8,-96.3
61,S0,37,114,37,bonus_bs15_gae3_no,5762,61,94.5,80,57.62,-3.38,-338.0,882.0,298,387,2,13,94.5,97.6,206.0,-57.5,-60.6,35,24,-169.0
62,S0,113,37,37,bonus_bs15_gae3_no,5799,62,93.5,77.0,57.99,-4.01,-401.0,1025.0,151,335,149,65,93.5,122.9,225.9,19.5,-9.9,-36,48,-112.9
63,S0,227,113,37,bonus_bs15_gae3_no,5912,63,93.8,80,59.12,-3.88,-388.0,872.0,150,264,150,136,93.8,97.9,221.9,133.2,129.1,77,91,5.1
64,S0,101,227,37,bonus_bs15_gae3_no,6139,64,95.9,81.0,61.39,-2.61,-261.0,955.0,340,377,-40,23,95.9,60.4,182.1,5.1,40.6,141,78,-81.1
65,S0,233,101,37,bonus_bs15_gae3_no,6240,65,96.0,82,62.4,-2.6,-260.0,910.0,328,441,-28,-41,96.0,101.9,181.8,137.0,131.1,261,274,51.2
66,S0,49,233,37,bonus_bs15_gae3_no,6473,66,98.1,84.5,64.73,-1.27,-127.0,896.0,334,561,-34,-161,98.1,58.4,140.0,-49.1,-9.4,83,210,-91.0
67,S0,136,49,37,bonus_bs15_gae3_no,6522,67,97.3,82,65.22,-1.78,-178.0,1028.0,282,383,18,17,97.3,119.0,156.1,38.7,17.0,118,119,-20.1
68,S0,150,136,37,bonus_bs15_gae3_no,6658,68,97.9,84.5,66.58,-1.42,-142.0,912.0,185,418,115,-18,97.9,90.4,144.8,52.1,59.6,35,168,5.2
69,S0,163,150,41,,6808,69,98.7,87,68.08,-0.92,-92.0,805.0,286,335,14,65,98.7,85.8,129.0,64.3,77.2,149,98,34.0
70,S0,28,163,42,,6971,70,99.6,88.0,69.71,-0.29,-29.0,811.0,313,449,-13,-49,99.6,81.5,109.2,-71.6,-53.5,41,77,-81.2
71,S0,163,28,42,,6999,71,98.6,87,69.99,-1.01,-101.0,822.0,191,341,109,59,98.6,125.9,131.9,64.4,37.1,54,104,31.1
72,S0,66,163,42,,7162,72,99.5,88.0,71.62,-0.38,-38.0,826.0,191,354,109,46,99.5,81.5,112.0,-33.5,-15.5,-43,20,-46.0
73,S0,133,66,42,,7228,73,99.0,87,72.28,-0.72,-72.0,877.0,229,257,71,143,99.0,113.4,122.8,34.0,19.6,62,-10,10.2
74,S0,56,133,42,,7361,74,99.5,88.0,73.61,-0.39,-39.0,849.0,199,362,101,38,99.5,91.3,112.3,-43.5,-35.3,-45,18,-56.3
75,S0,62,56,42,,7417,75,98.9,87,74.17,-0.83,-83.0,892.0,189,255,111,145,98.9,116.7,126.3,-36.9,-54.7,-49,-83,-64.3
76,S0,114,62,42,,7479,76,98.4,84.5,74.79,-1.21,-121.0,1057.0,118,251,182,149,98.4,114.7,138.3,15.6,-0.7,-68,-35,-24.3
77,S0,105,114,42,,7593,77,98.6,87,75.93,-1.07,-107.0,894.0,176,232,124,168,98.6,97.6,133.9,6.4,7.4,-19,-63,-28.9
78,S0,28,105,42,,7698,78,98.7,88.0,76.98,-1.02,-102.0,834.0,219,281,81,119,98.7,100.6,132.4,-70.7,-72.6,-53,-91,-104.4
79,S0,85,28,42,,7726,79,97.8,87,77.26,-1.74,-174.0,853.0,133,247,167,153,97.8,125.9,155.2,-12.8,-40.9,-82,-68,-70.2
80,S0,226,85,42,bonus_bs15_gae3_no,7811,80,97.6,86.0,78.11,-1.89,-189.0,931.0,113,218,187,182,97.6,107.1,160.0,128.4,118.9,39,44,66.0
81,S0,88,226,42,bonus_bs15_gae3_no,8037,81,99.2,87,80.37,-0.63,-63.0,990.0,311,339,-11,61,99.2,60.7,120.0,-11.2,27.3,99,27,-32.0
82,S0,161,88,42,bonus_bs15_gae3_no,8125,82,99.1,87.5,81.25,-0.75,-75.0,950.0,314,399,-14,1,99.1,106.1,123.8,61.9,54.9,175,160,37.2
83,S1,69,161,0,,8286,83,99.8,88,82.86,-0.14,-14.0,982.0,249,475,51,-75,99.8,82.1,104.5,-30.8,-13.1,18,144,-35.5
84,S1,66,69,0,,8355,84,99.5,87.5,83.55,-0.45,-45.0,1005.0,230,318,70,82,99.5,112.4,114.3,-33.5,-46.4,-4,-16,-48.3
85,S1,95,66,0,,8421,85,99.1,87,84.21,-0.79,-79.0,1026.0,135,296,165,104,99.1,113.4,125.1,-4.1,-18.4,-70,-9,-30.1
86,S1,112,95,0,,8516,86,99.0,87.5,85.16,-0.84,-84.0,991.0,161,230,139,170,99.0,103.8,126.7,13.0,8.2,-27,-58,-14.7
87,S1,146,112,12,bonus_as10_gae3_no,8628,87,99.2,88,86.28,-0.72,-72.0,972.0,207,273,93,127,99.2,98.3,122.9,46.8,47.7,53,19,23.1
88,S1,107,146,12,bonus_as10_gae3_no,8774,88,99.7,88.5,87.74,-0.26,-26.0,986.0,258,353,42,47,99.7,87.1,108.3,7.3,19.9,65,60,-1.3
89,S1,32,107,12,bonus_as10_gae3_no,8881,89,99.8,89,88.81,-0.19,-19.0,960.0,253,365,47,35,99.8,99.9,106.1,-67.8,-67.9,-15,-3,-74.1
90,S1,166,32,13,bonus_as10_gae3_no,8913,90,99.0,88.5,89.13,-0.87,-87.0,948.0,139,285,161,115,99.0,124.6,127.7,67.0,41.4,5,51,38.3
91,S1,49,166,16,bonus_as10_gae3_no,9079,91,99.8,89,90.79,-0.21,-21.0,980.0,198,305,102,95,99.8,80.5,106.7,-50.8,-31.5,-53,-46,-57.7
92,S1,156,49,21,bonus_as10_gae3_no,9128,92,99.2,88.5,91.28,-0.72,-72.0,986.0,215,247,85,153,99.2,119.0,123.0,56.8,37.0,71,3,33.0
93,S1,47,156,21,bonus_as10_gae3_no,9284,93,99.8,89,92.84,-0.16,-16.0,1007.0,205,371,95,29,99.8,83.8,105.1,-52.8,-36.8,-48,18,-58.1
94,S1,70,47,21,bonus_as10_gae3_no,9331,94,99.3,88.5,93.31,-0.69,-69.0,1012.0,203,252,97,148,99.3,119.6,122.0,-29.3,-49.6,-27,-78,-52.0
95,S1,152,70,21,bonus_as10_gae3_no,9401,95,99.0,88,94.01,-0.99,-99.0,1041.0,117,273,183,127,99.0,112.1,131.6,53.0,39.9,-31,25,20.4
96,S1,52,152,21,bonus_as10_gae3_no,9553,96,99.5,88.5,95.53,-0.47,-47.0,1057.0,222,269,78,131,99.5,85.1,115.0,-47.5,-33.1,-26,-79,-63.0
97,S1,103,52,21,bonus_as10_gae3_no,9605,97,99.0,88,96.05,-0.95,-95.0,1069.0,204,274,96,126,99.0,118.0,130.4,4.0,-15.0,7,-23,-27.4
98,S1,159,103,31,bonus_as10_gae3_no,9708,98,99.1,88.5,97.08,-0.92,-92.0,1035.0,155,307,145,93,99.1,101.2,129.4,59.9,57.8,14,66,29.6
99,S1,48,159,31,bonus_as10_gae3_no,9867,99,99.7,89,98.67,-0.33,-33.0,1056.0,262,314,38,86,99.7,82.8,110.6,-51.7,-34.8,10,-38,-62.6
100,S1,77,48,31,bonus_as10_gae3_no,9915,100,99.2,88.5,99.15,-0.85,-85.0,1065.0,207,310,93,90,99.2,119.3,127.2,-22.2,-42.3,-16,-13,-50.2
101,S1,150,77,31,bonus_as10_gae3_no,9992,101,98.9,88,99.92,-1.08,-108.0,1104.0,125,284,175,116,98.9,109.8,134.6,51.1,40.2,-25,34,15.4
102,S1,102,150,31,bonus_as10_gae3_no,10142,102,99.4,88.5,101.42,-0.58,-58.0,1115.0,227,275,73,125,99.4,85.8,118.6,2.6,16.2,29,-23,-16.6
103,S1,83,102,31,bonus_as10_gae3_no,10244,103,99.5,89,102.44,-0.56,-56.0,1077.0,252,329,48,71,99.5,101.5,117.9,-16.5,-18.5,35,12,-34.9
104,S1,70,83,31,bonus_as10_gae3_no,10327,104,99.3,88.5,103.27,-0.73,-73.0,1123.0,185,335,115,65,99.3,107.8,123.4,-29.3,-37.8,-45,5,-53.4
105,S1,134,70,31,bonus_as10_gae3_no,10397,105,99.0,88,103.97,-1.03,-103.0,1157.0,153,255,147,145,99.0,112.1,133.0,35.0,21.9,-13,-11,1.0
106,S1,69,134,31,bonus_as10_gae3_no,10531,106,99.3,88.5,105.31,-0.69,-69.0,1150.0,204,287,96,113,99.3,91.0,122.1,-30.3,-22.0,-27,-44,-53.1
107,S1,160,69,31,bonus_as10_gae3_no,10600,107,99.1,88,106.0,-1.0,-100.0,1184.0,203,273,97,127,99.1,112.4,132.1,60.9,47.6,63,33,27.9
108,S1,108,160,31,bonus_as10_gae3_no,10760,108,99.6,88.5,107.6,-0.4,-40.0,1202.0,229,363,71,37,99.6,82.5,112.8,8.4,25.5,37,71,-4.8
109,S1,55,108,31,bonus_bs15_gae3_no,10868,109,99.7,89,108.68,-0.32,-32.0,1167.0,268,337,32,63,99.7,99.6,110.3,-44.7,-44.6,23,-8,-55.3
110,S1,173,55,31,bonus_bs15_gae3_no,10923,110,99.3,88.5,109.23,-0.77,-77.0,1188.0,163,323,137,77,99.3,117.0,124.7,73.7,56.0,36,96,48.3
111,S1,126,173,31,bonus_bs15_gae3_no,11096,111,100.0,89,110.96,-0.04,-4.0,1217.0,228,336,72,64,100.0,78.2,101.3,26.0,47.8,54,62,24.7
112,S1,77,126,31,bonus_bs15_gae3_no,11222,112,100.2,91.0,112.22,0.22,22.0,1030.0,299,354,1,46,100.2,93.6,92.9,-23.2,-16.6,76,31,-15.9
113,S1,137,77,37,,11299,113,100.0,89,112.99,-0.01,-1.0,1242.0,203,376,97,24,100.0,109.8,100.3,37.0,27.2,40,113,36.7
114,S1,280,137,37,bonus_as10_gae3_no,11436,114,100.3,91.0,114.36,0.36,36.0,1062.0,214,340,86,60,100.3,90.0,88.4,179.7,190.0,194,220,191.6
115,S1,292,280,42,bonus_as10_gae3_no,11716,115,101.9,93,117.16,2.16,216.0,1021.0,417,494,-117,-94,101.9,43.0,30.6,190.1,249.0,409,386,261.4
116,S1,443,292,47,bonus_bs15_gae3_no,12008,116,103.5,94.0,120.08,4.08,408.0,1104.0,572,709,-272,-309,103.5,39.0,-31.1,339.5,404.0,715,752,474.1
117,S1,70,443,47,bonus_bs15_gae3_no,12451,117,106.4,95,124.51,7.51,751.0,1336.0,735,1015,-435,-615,106.4,-10.6,-141.4,-36.4,80.6,505,685,211.4
118,S1,166,70,47,bonus_bs15_gae3_no,12521,118,106.1,94.0,125.21,7.21,721.0,1429.0,513,805,-213,-405,106.1,112.1,-131.8,59.9,53.9,379,571,297.8
