i,session,gap_length,prev_gap,mission,event,cum_spins_start,K_start,run_mean_prior,run_median_prior,expected_K_at100,deficit_K_at100,deficit_spins_at100,deficit_spins_at_median,prev2_sum,prev3_sum,pred_3win_300minus,pred_4win_400minus,pred_baseline,pred_lag1,pred_deficit_x033,deficit_spins_at_acctmean,deficit_spins_at_acctmedian,pred_def_acctmean_full,pred_def_acctmean_x033,pred_def_acctmedian_full,pred_def_acctmedian_x033,err_baseline,err_lag1,err_3win,err_4win,err_deficit_x033,err_def_acctmean_full,err_def_acctmean_x033,err_def_acctmedian_full,err_def_acctmedian_x033
0,S0,147,,66,bonus_bs15_gae3_no,0,0,100.0,100.0,0.0,0.0,0.0,0.0,,,,,100.0,,100.0,0.0,0.0,101.5,101.5,103.0,103.0,47.0,,,,47.0,45.5,45.5,44.0,44.0
1,S0,132,147,66,bonus_bs15_gae3_no,147,1,147.0,147,1.47,0.47,47.0,0.0,,,,,147.0,86.7,131.5,45.5,44.0,55.9,86.4,59.0,88.5,-15.0,45.3,,,0.5,76.1,45.6,73.0,43.5
2,S0,29,132,66,bonus_bs15_gae3_no,279,2,139.5,139.5,2.79,0.79,79.0,0.0,279,,21,,139.5,91.7,113.4,76.1,73.0,25.4,76.3,30.0,78.9,-110.5,-62.7,8,,-84.4,3.6,-47.3,-1.0,-49.9
3,S0,11,29,66,bonus_bs15_gae3_no,308,3,102.7,132,3.08,0.08,8.0,-88.0,161,308,139,92,102.7,125.6,100.0,3.6,-1.0,97.8,100.3,104.0,103.3,-91.7,-114.6,-128,-81,-89.0,-86.8,-89.3,-93.0,-92.3
4,S0,55,11,66,bonus_bs15_gae3_no,319,4,79.8,80.5,3.19,-0.81,-81.0,-3.0,40,172,260,228,79.8,131.5,106.5,-86.8,-93.0,188.3,130.1,196.0,133.7,-24.8,-76.5,-205,-173,-51.5,-133.3,-75.1,-141.0,-78.7
5,S0,120,55,66,bonus_bs15_gae3_no,374,5,74.8,55,3.74,-1.26,-126.0,99.0,66,95,234,305,74.8,117.0,116.4,-133.3,-141.0,234.7,145.4,244.0,149.5,45.2,3.0,-114,-185,3.6,-114.7,-25.4,-124.0,-29.5
6,S0,135,120,70,,494,6,82.3,87.5,4.94,-1.06,-106.0,-31.0,175,186,125,214,82.3,95.6,117.3,-114.7,-124.0,216.2,139.3,227.0,143.9,52.7,39.4,10,-79,17.7,-81.2,-4.3,-92.0,-8.9
7,S0,125,135,70,,629,7,89.9,120,6.29,-0.71,-71.0,-211.0,255,310,45,90,89.9,90.7,113.3,-81.2,-92.0,182.7,128.3,195.0,133.4,35.1,34.3,80,35,11.7,-57.7,-3.3,-70.0,-8.4
8,S0,10,125,70,,754,8,94.2,122.5,7.54,-0.46,-46.0,-226.0,260,380,40,20,94.2,94.0,109.4,-57.7,-70.0,159.1,120.5,173.0,126.1,-84.2,-84.0,-30,-10,-99.4,-149.1,-110.5,-163.0,-116.1
9,S0,250,10,70,,764,9,84.9,120,7.64,-1.36,-136.0,-316.0,135,270,165,130,84.9,131.8,129.8,-149.1,-163.0,250.6,150.7,266.0,156.8,165.1,118.2,85,120,120.2,-0.6,99.3,-16.0,93.2
10,S0,57,250,70,,1014,10,101.4,122.5,10.14,0.14,14.0,-211.0,260,385,40,15,101.4,52.8,96.8,-0.6,-16.0,102.0,101.6,119.0,108.3,-44.4,4.2,17,42,-39.8,-45.0,-44.6,-62.0,-51.3
11,S0,13,57,70,,1071,11,97.4,120,10.71,-0.29,-29.0,-249.0,307,317,-7,83,97.4,116.3,106.9,-45.0,-62.0,146.5,116.3,165.0,123.5,-84.4,-103.3,20,-70,-93.9,-133.5,-103.3,-152.0,-110.5
12,S0,127,13,70,,1084,12,90.3,88.5,10.84,-1.16,-116.0,22.0,70,320,230,80,90.3,130.8,128.6,-133.5,-152.0,234.9,145.5,255.0,153.2,36.7,-3.8,-103,47,-1.6,-107.9,-18.5,-128.0,-26.2
13,S0,78,127,70,,1211,13,93.2,120,12.11,-0.89,-89.0,-349.0,140,197,160,203,93.2,93.3,122.5,-107.9,-128.0,209.4,137.1,231.0,145.2,-15.2,-15.3,-82,-125,-44.5,-131.4,-59.1,-153.0,-67.2
14,S0,59,78,70,,1289,14,92.1,99.0,12.89,-1.11,-111.0,-97.0,205,218,95,182,92.1,109.4,128.7,-131.4,-153.0,232.9,144.8,256.0,153.5,-33.1,-50.4,-36,-123,-69.7,-173.9,-85.8,-197.0,-94.5
15,S0,153,59,70,,1348,15,89.9,78,13.48,-1.52,-152.0,178.0,137,264,163,136,89.9,115.7,140.0,-173.9,-197.0,275.3,158.8,300.0,168.0,63.1,37.3,-10,17,13.0,-122.3,-5.8,-147.0,-15.0
16,S0,90,153,70,bonus_bs15_gae3_no,1501,16,93.8,99.0,15.01,-0.99,-99.0,-83.0,212,290,88,110,93.8,84.8,126.5,-122.3,-147.0,223.8,141.8,250.0,151.5,-3.8,5.2,2,-20,-36.5,-133.8,-51.8,-160.0,-61.5
17,S0,154,90,70,bonus_bs15_gae3_no,1591,17,93.6,90,15.91,-1.09,-109.0,61.0,243,302,57,98,93.6,105.5,129.6,-133.8,-160.0,235.2,145.6,263.0,155.8,60.4,48.5,97,56,24.4,-81.2,8.4,-109.0,-1.8
18,S0,54,154,70,bonus_bs15_gae3_no,1745,18,96.9,105.0,17.45,-0.55,-55.0,-145.0,244,397,56,3,96.9,84.4,115.1,-81.2,-109.0,182.7,128.3,212.0,139.0,-42.9,-30.4,-2,51,-61.1,-128.7,-74.3,-158.0,-85.0
19,S0,133,54,70,bonus_bs15_gae3_no,1799,19,94.7,90,17.99,-1.01,-101.0,89.0,208,298,92,102,94.7,117.3,128.0,-128.7,-158.0,230.1,143.9,261.0,155.1,38.3,15.7,41,31,5.0,-97.1,-10.9,-128.0,-22.1
20,S0,90,133,70,bonus_bs15_gae3_no,1932,20,96.6,105.0,19.32,-0.68,-68.0,-168.0,187,341,113,59,96.6,91.3,119.0,-97.1,-128.0,198.6,133.5,231.0,145.2,-6.6,-1.3,-23,31,-29.0,-108.6,-43.5,-141.0,-55.2
21,S0,119,90,70,bonus_bs15_gae3_no,2022,21,96.3,90,20.22,-0.78,-78.0,132.0,223,277,77,123,96.3,105.5,122.0,-108.6,-141.0,210.0,137.3,244.0,149.5,22.7,13.5,42,-4,-3.0,-91.0,-18.3,-125.0,-30.5
22,S0,110,119,70,bonus_bs15_gae3_no,2141,22,97.3,104.5,21.41,-0.59,-59.0,-158.0,209,342,91,58,97.3,95.9,116.8,-91.0,-125.0,192.5,131.5,228.0,144.3,12.7,14.1,19,52,-6.8,-82.5,-21.5,-118.0,-34.3
23,S0,37,110,70,bonus_bs15_gae3_no,2251,23,97.9,110,22.51,-0.49,-49.0,-279.0,229,319,71,81,97.9,98.9,114.0,-82.5,-118.0,184.0,128.7,221.0,141.9,-60.9,-61.9,-34,-44,-77.0,-147.0,-91.7,-184.0,-104.9
24,S0,158,37,70,bonus_bs15_gae3_no,2288,24,95.3,100.0,22.88,-1.12,-112.0,-112.0,147,266,153,134,95.3,122.9,132.3,-147.0,-184.0,248.4,150.0,287.0,163.7,62.7,35.1,5,24,25.7,-90.4,8.0,-129.0,-5.7
25,S0,102,158,70,bonus_bs15_gae3_no,2446,25,97.8,110,24.46,-0.54,-54.0,-304.0,195,305,105,95,97.8,83.1,115.7,-90.4,-129.0,191.9,131.3,232.0,145.6,4.2,18.9,-3,7,-13.7,-89.9,-29.3,-130.0,-43.6
26,S0,111,102,70,bonus_bs15_gae3_no,2548,26,98.0,106.0,25.48,-0.52,-52.0,-208.0,260,297,40,103,98.0,101.5,115.2,-89.9,-130.0,191.3,131.1,233.0,145.9,13.0,9.5,71,8,-4.2,-80.3,-20.1,-122.0,-34.9
27,S0,59,111,70,bonus_bs15_gae3_no,2659,27,98.5,110,26.59,-0.41,-41.0,-311.0,213,371,87,29,98.5,98.6,112.0,-80.3,-122.0,181.8,128.0,225.0,143.3,-39.5,-39.6,-28,30,-53.0,-122.8,-69.0,-166.0,-84.3
28,S0,147,59,70,bonus_bs15_gae3_no,2718,28,97.1,106.0,27.18,-0.82,-82.0,-250.0,170,272,130,128,97.1,115.7,124.1,-122.8,-166.0,224.2,142.0,269.0,157.8,49.9,31.3,17,19,22.9,-77.2,5.0,-122.0,-10.8
29,S0,69,147,70,bonus_bs15_gae3_no,2865,29,98.8,110,28.65,-0.35,-35.0,-325.0,206,317,94,83,98.8,86.7,110.3,-77.2,-122.0,178.7,126.9,225.0,143.3,-29.8,-17.7,-25,-14,-41.3,-109.7,-57.9,-156.0,-74.3
30,S0,127,69,70,bonus_bs15_gae3_no,2934,30,97.8,106.0,29.34,-0.66,-66.0,-246.0,216,275,84,125,97.8,112.4,119.6,-109.7,-156.0,211.2,137.7,259.0,154.5,29.2,14.6,43,2,7.4,-84.2,-10.7,-132.0,-27.5
31,S0,49,127,70,bonus_bs15_gae3_no,3061,31,98.7,110,30.61,-0.39,-39.0,-349.0,196,343,104,57,98.7,93.3,111.6,-84.2,-132.0,185.6,129.2,235.0,146.6,-49.7,-44.3,-55,-8,-62.6,-136.6,-80.2,-186.0,-97.6
32,S0,117,49,70,bonus_bs15_gae3_no,3110,32,97.2,106.0,31.1,-0.9,-90.0,-282.0,176,245,124,155,97.2,119.0,126.9,-136.6,-186.0,238.1,146.5,289.0,164.4,19.8,-2.0,-7,-38,-9.9,-121.1,-29.5,-172.0,-47.4
33,S0,48,117,70,bonus_bs15_gae3_no,3227,33,97.8,110,32.27,-0.73,-73.0,-403.0,166,293,134,107,97.8,96.6,121.9,-121.1,-172.0,222.5,141.4,275.0,159.8,-49.8,-48.6,-86,-59,-73.9,-174.5,-93.4,-227.0,-111.8
34,S0,151,48,70,bonus_bs15_gae3_no,3275,34,96.3,106.0,32.75,-1.25,-125.0,-329.0,165,214,135,186,96.3,119.3,137.6,-174.5,-227.0,276.0,159.1,330.0,177.9,54.7,31.7,16,-35,13.4,-125.0,-8.1,-179.0,-26.9
35,S0,128,151,70,bonus_bs15_gae3_no,3426,35,97.9,110,34.26,-0.74,-74.0,-424.0,199,316,101,84,97.9,85.4,122.3,-125.0,-179.0,226.4,142.7,282.0,162.1,30.1,42.6,27,44,5.7,-98.4,-14.7,-154.0,-34.1
36,S0,42,128,70,bonus_bs15_gae3_no,3554,36,98.7,110.5,35.54,-0.46,-46.0,-424.0,279,327,21,73,98.7,93.0,113.9,-98.4,-154.0,199.9,133.9,257.0,153.8,-56.7,-51.0,21,-31,-71.9,-157.9,-91.9,-215.0,-111.8
37,S0,170,42,70,bonus_ds25_gae3_no,3596,37,97.2,110,35.96,-1.04,-104.0,-474.0,170,321,130,79,97.2,121.3,131.5,-157.9,-215.0,259.4,153.6,318.0,173.9,72.8,48.7,40,91,38.5,-89.4,16.4,-148.0,-3.9
38,S0,49,170,70,bonus_ds25_gae3_no,3766,38,99.1,110.5,37.66,-0.34,-34.0,-433.0,212,340,88,60,99.1,79.2,110.3,-89.4,-148.0,190.8,130.9,251.0,151.8,-50.1,-30.2,-39,-11,-61.3,-141.8,-81.9,-202.0,-102.8
39,S0,101,49,70,bonus_ds25_gae3_no,3815,39,97.8,110,38.15,-0.85,-85.0,-475.0,219,261,81,139,97.8,119.0,125.9,-141.8,-202.0,243.3,148.3,305.0,169.7,3.2,-18.0,20,-38,-24.9,-142.3,-47.3,-204.0,-68.7
40,S0,123,101,70,bonus_ds25_gae3_no,3916,40,97.9,106.0,39.16,-0.84,-84.0,-324.0,150,320,150,80,97.9,101.9,125.6,-142.3,-204.0,243.7,148.4,307.0,170.3,25.1,21.1,-27,43,-2.6,-120.7,-25.4,-184.0,-47.3
41,S0,40,123,70,bonus_ds25_gae3_no,4039,41,98.5,110,40.39,-0.61,-61.0,-471.0,224,273,76,127,98.5,94.6,118.6,-120.7,-184.0,222.2,141.3,287.0,163.7,-58.5,-54.6,-36,-87,-78.6,-182.2,-101.3,-247.0,-123.7
42,S0,108,40,70,bonus_ds25_gae3_no,4079,42,97.1,106.0,40.79,-1.21,-121.0,-373.0,163,264,137,136,97.1,121.9,137.0,-182.2,-247.0,283.6,161.6,350.0,184.5,10.9,-13.9,-29,-28,-29.0,-175.6,-53.6,-242.0,-76.5
43,S0,141,108,70,bonus_ds25_gae3_no,4187,43,97.4,108,41.87,-1.13,-113.0,-457.0,148,271,152,129,97.4,99.6,134.7,-175.6,-242.0,277.1,159.4,345.0,182.9,43.6,41.4,-11,12,6.3,-136.1,-18.4,-204.0,-41.9
44,S0,137,141,70,bonus_ds25_gae3_no,4328,44,98.4,109.0,43.28,-0.72,-72.0,-468.0,249,289,51,111,98.4,88.7,122.1,-136.1,-204.0,237.6,146.4,307.0,170.3,38.6,48.3,86,26,14.9,-100.6,-9.4,-170.0,-33.3
45,S0,86,137,70,bonus_ds25_gae3_no,4465,45,99.2,110,44.65,-0.35,-35.0,-485.0,278,386,22,14,99.2,90.0,110.8,-100.6,-170.0,202.0,134.6,273.0,159.1,-13.2,-4.0,64,72,-24.8,-116.0,-48.6,-187.0,-73.1
46,S0,29,86,70,bonus_ds25_gae3_no,4551,46,98.9,109.0,45.51,-0.49,-49.0,-463.0,223,364,77,36,98.9,106.8,115.1,-116.0,-187.0,217.5,139.7,290.0,164.7,-69.9,-77.8,-48,-7,-86.1,-188.5,-110.7,-261.0,-135.7
47,S0,141,29,70,bonus_ds25_gae3_no,4580,47,97.4,108,45.8,-1.2,-120.0,-496.0,115,252,185,148,97.4,125.6,137.0,-188.5,-261.0,289.9,163.7,364.0,189.1,43.6,15.4,-44,-7,4.0,-148.9,-22.7,-223.0,-48.1
48,S0,132,141,70,bonus_ds25_gae3_no,4721,48,98.4,109.0,47.21,-0.79,-79.0,-511.0,170,256,130,144,98.4,88.7,124.4,-148.9,-223.0,250.4,150.6,326.0,176.6,33.6,43.3,2,-12,7.6,-118.4,-18.6,-194.0,-44.6
49,S0,84,132,70,bonus_ds25_gae3_no,4853,49,99.0,110,48.53,-0.47,-47.0,-537.0,273,302,27,98,99.0,91.7,114.6,-118.4,-194.0,219.8,140.5,297.0,167.0,-15.0,-7.7,57,-14,-30.6,-135.8,-56.5,-213.0,-83.0
50,S0,83,84,70,bonus_ds25_gae3_no,4937,50,98.7,109.0,49.37,-0.63,-63.0,-513.0,216,357,84,43,98.7,107.5,119.5,-135.8,-213.0,237.3,146.3,316.0,173.3,-15.7,-24.5,-1,40,-36.5,-154.3,-63.3,-233.0,-90.3
51,S0,72,83,70,bonus_ds25_gae3_no,5020,51,98.4,108,50.2,-0.8,-80.0,-488.0,167,299,133,101,98.4,107.8,124.8,-154.3,-233.0,255.7,152.4,336.0,179.9,-26.4,-35.8,-61,-29,-52.8,-183.7,-80.4,-264.0,-107.9
52,S0,135,72,70,bonus_ds25_gae3_no,5092,52,97.9,105.0,50.92,-1.08,-108.0,-368.0,155,239,145,161,97.9,111.4,133.6,-183.7,-264.0,285.2,162.1,367.0,190.1,37.1,23.6,-10,-26,1.4,-150.2,-27.1,-232.0,-55.1
53,S0,81,135,70,bonus_ds25_gae3_no,5227,53,98.6,108,52.27,-0.73,-73.0,-497.0,207,290,93,110,98.6,90.7,122.7,-150.2,-232.0,251.7,151.0,335.0,179.6,-17.6,-9.7,-12,-29,-41.7,-170.7,-70.0,-254.0,-98.6
54,S0,117,81,70,bonus_ds25_gae3_no,5308,54,98.3,105.0,53.08,-0.92,-92.0,-362.0,216,288,84,112,98.3,108.5,128.7,-170.7,-254.0,272.1,157.8,357.0,186.8,18.7,8.5,33,5,-11.7,-155.1,-40.8,-240.0,-69.8
55,S0,140,117,70,bonus_ds25_gae3_no,5425,55,98.6,108,54.25,-0.75,-75.0,-515.0,198,333,102,67,98.6,96.6,123.4,-155.1,-240.0,256.6,152.6,343.0,182.2,41.4,43.4,38,73,16.6,-116.6,-12.6,-203.0,-42.2
56,S0,27,140,70,bonus_ds25_gae3_no,5565,56,99.4,109.0,55.65,-0.35,-35.0,-539.0,257,338,43,62,99.4,89.0,110.9,-116.6,-203.0,218.0,139.9,306.0,170.0,-72.4,-62.0,-16,-35,-83.9,-191.0,-112.9,-279.0,-143.0
57,S0,78,27,70,bonus_bs15_gae3_no,5592,57,98.1,108,55.92,-1.08,-108.0,-564.0,167,284,133,116,98.1,126.2,133.7,-191.0,-279.0,292.5,164.5,382.0,195.1,-20.1,-48.2,-55,-38,-55.7,-214.5,-86.5,-304.0,-117.1
58,S0,104,78,70,bonus_bs15_gae3_no,5670,58,97.8,105.0,56.7,-1.3,-130.0,-420.0,105,245,195,155,97.8,109.4,140.7,-214.5,-304.0,315.9,172.2,407.0,203.3,6.2,-5.4,-91,-51,-36.7,-211.9,-68.2,-303.0,-99.3
59,S0,130,104,70,bonus_bs15_gae3_no,5774,59,97.9,104,57.74,-1.26,-126.0,-362.0,182,209,118,191,97.9,100.9,139.4,-211.9,-303.0,313.4,171.4,406.0,203.0,32.1,29.1,12,-61,-9.4,-183.4,-41.4,-276.0,-73.0
60,S0,148,130,70,bonus_bs15_gae3_no,5904,60,98.4,106.0,59.04,-0.96,-96.0,-456.0,234,312,66,88,98.4,92.3,130.1,-183.4,-276.0,284.9,162.0,379.0,194.1,49.6,55.7,82,60,17.9,-136.9,-14.0,-231.0,-46.1
61,S0,58,148,70,bonus_bs15_gae3_no,6052,61,99.2,108,60.52,-0.48,-48.0,-536.0,278,382,22,18,99.2,86.4,115.1,-136.9,-231.0,238.3,146.6,334.0,179.2,-41.2,-28.4,36,40,-57.1,-180.3,-88.6,-276.0,-121.2
62,S0,153,58,70,bonus_bs15_gae3_no,6110,62,98.5,106.0,61.1,-0.9,-90.0,-462.0,206,336,94,64,98.5,116.0,128.2,-180.3,-276.0,281.8,161.0,379.0,194.1,54.5,37.0,59,89,24.8,-128.8,-8.0,-226.0,-41.1
63,S0,44,153,70,bonus_bs15_gae3_no,6263,63,99.4,108,62.63,-0.37,-37.0,-541.0,211,359,89,41,99.4,84.8,111.6,-128.8,-226.0,230.2,144.0,329.0,177.6,-55.4,-40.8,-45,3,-67.6,-186.2,-100.0,-285.0,-133.6
64,S0,78,44,70,bonus_bs15_gae3_no,6307,64,98.5,106.0,63.07,-0.93,-93.0,-477.0,197,255,103,145,98.5,120.6,129.2,-186.2,-285.0,287.7,162.9,388.0,197.0,-20.5,-42.6,-25,-67,-51.2,-209.7,-84.9,-310.0,-119.0
65,S0,140,78,70,bonus_bs15_gae3_no,6385,65,98.2,104,63.85,-1.15,-115.0,-375.0,122,275,178,125,98.2,109.4,136.2,-209.7,-310.0,311.1,170.7,413.0,205.3,41.8,30.6,-38,15,3.8,-171.1,-30.7,-273.0,-65.3
66,S0,101,140,70,bonus_ds25_gae3_no,6525,66,98.9,106.0,65.25,-0.75,-75.0,-471.0,218,262,82,138,98.9,89.0,123.6,-171.1,-273.0,272.6,157.9,376.0,193.1,2.1,12.0,19,-37,-22.6,-171.6,-56.9,-275.0,-92.1
67,S0,140,101,70,bonus_bs15_gae3_no,6626,67,98.9,104,66.26,-0.74,-74.0,-342.0,241,319,59,81,98.9,101.9,123.3,-171.6,-275.0,273.1,158.1,378.0,193.7,41.1,38.1,81,59,16.7,-133.1,-18.1,-238.0,-53.7
68,S0,37,140,70,bonus_bs15_gae3_no,6766,68,99.5,106.0,67.66,-0.34,-34.0,-442.0,241,381,59,19,99.5,89.0,110.7,-133.1,-238.0,234.5,145.4,341.0,181.5,-62.5,-52.0,-22,18,-73.7,-197.5,-108.4,-304.0,-144.5
69,S0,89,37,70,bonus_bs15_gae3_no,6803,69,98.6,104,68.03,-0.97,-97.0,-373.0,177,278,123,122,98.6,122.9,130.6,-197.5,-304.0,299.0,166.6,407.0,203.3,-9.6,-33.9,-34,-33,-41.6,-210.0,-77.6,-318.0,-114.3
70,S0,134,89,70,bonus_bs15_gae3_no,6892,70,98.5,103.0,68.92,-1.08,-108.0,-318.0,126,266,174,134,98.5,105.8,134.1,-210.0,-318.0,311.4,170.7,421.0,207.9,35.5,28.2,-40,0,-0.1,-177.4,-36.7,-287.0,-73.9
71,S0,54,134,70,bonus_bs15_gae3_no,7026,71,99.0,104,70.26,-0.74,-74.0,-358.0,223,260,77,140,99.0,91.0,123.4,-177.4,-287.0,278.9,160.0,390.0,197.7,-45.0,-37.0,-23,-86,-69.4,-224.9,-106.0,-336.0,-143.7
72,S0,139,54,70,bonus_bs15_gae3_no,7080,72,98.3,103.0,70.8,-1.2,-120.0,-336.0,188,277,112,123,98.3,117.3,137.9,-224.9,-336.0,326.3,175.7,439.0,213.9,40.7,21.7,27,16,1.1,-187.3,-36.7,-300.0,-74.9
73,S0,79,139,70,bonus_bs15_gae3_no,7219,73,98.9,104,72.19,-0.81,-81.0,-373.0,193,327,107,73,98.9,89.4,125.6,-187.3,-300.0,288.8,163.3,403.0,202.0,-19.9,-10.4,-28,6,-46.6,-209.8,-84.3,-324.0,-123.0
74,S0,123,79,70,bonus_bs15_gae3_no,7298,74,98.6,103.0,72.98,-1.02,-102.0,-324.0,218,272,82,128,98.6,109.1,132.3,-209.8,-324.0,311.3,170.7,427.0,209.9,24.4,13.9,41,-5,-9.3,-188.3,-47.7,-304.0,-86.9
75,S0,120,123,70,bonus_bs15_gae3_no,7421,75,98.9,104,74.21,-0.79,-79.0,-379.0,202,341,98,59,98.9,94.6,125.0,-188.3,-304.0,289.7,163.6,407.0,203.3,21.1,25.4,22,61,-5.0,-169.7,-43.6,-287.0,-83.3
76,S0,30,120,70,bonus_bs15_gae3_no,7541,76,99.2,106.0,75.41,-0.59,-59.0,-515.0,243,322,57,78,99.2,95.6,118.7,-169.7,-287.0,271.2,157.5,390.0,197.7,-69.2,-65.6,-27,-48,-88.7,-241.2,-127.5,-360.0,-167.7
77,S1,20,30,2,,7571,77,98.3,104,75.71,-1.29,-129.0,-437.0,150,273,150,127,98.3,125.2,140.9,-241.2,-360.0,342.6,181.0,463.0,221.8,-78.3,-105.2,-130,-107,-120.9,-322.6,-161.0,-443.0,-201.8
78,S1,134,20,3,,7591,78,97.3,103.0,75.91,-2.09,-209.0,-443.0,50,170,250,230,97.3,128.5,166.3,-322.6,-443.0,424.1,207.9,546.0,249.2,36.7,5.5,-116,-96,-32.3,-290.1,-73.9,-412.0,-115.2
79,S1,124,134,3,,7725,79,97.8,104,77.25,-1.75,-175.0,-491.0,154,184,146,216,97.8,91.0,155.5,-290.1,-412.0,391.5,197.2,515.0,239.0,26.2,33.0,-22,-92,-31.5,-267.5,-73.2,-391.0,-115.0
80,S1,78,124,4,,7849,80,98.1,106.0,78.49,-1.51,-151.0,-631.0,258,278,42,122,98.1,94.3,147.9,-267.5,-391.0,369.0,189.7,494.0,232.0,-20.1,-16.3,36,-44,-69.9,-291.0,-111.7,-416.0,-154.0
81,S1,57,78,5,bonus_bs15_gae1_no,7927,81,97.9,104,79.27,-1.73,-173.0,-497.0,202,336,98,64,97.9,109.4,155.0,-291.0,-416.0,392.4,197.5,519.0,240.3,-40.9,-52.4,-41,-7,-98.0,-335.4,-140.5,-462.0,-183.3
82,S1,176,57,19,,7984,82,97.4,103.0,79.84,-2.16,-216.0,-462.0,135,259,165,141,97.4,116.3,168.6,-335.4,-462.0,436.9,212.2,565.0,255.5,78.6,59.7,11,35,7.4,-260.9,-36.2,-389.0,-79.5
83,S1,105,176,26,,8160,83,98.3,104,81.6,-1.4,-140.0,-472.0,233,311,67,89,98.3,77.2,144.5,-260.9,-389.0,362.4,187.6,492.0,231.4,6.7,27.8,38,16,-39.5,-257.4,-82.6,-387.0,-126.4
84,S1,85,105,26,,8265,84,98.4,104.5,82.65,-1.35,-135.0,-513.0,281,338,19,62,98.4,100.6,142.9,-257.4,-387.0,358.8,186.4,490.0,230.7,-13.4,-15.6,66,23,-57.9,-273.8,-101.4,-405.0,-145.7
85,S1,118,85,26,,8350,85,98.2,104,83.5,-1.5,-150.0,-490.0,190,366,110,34,98.2,107.1,147.7,-273.8,-405.0,375.3,191.8,508.0,236.6,19.8,10.9,8,84,-29.7,-257.3,-73.8,-390.0,-118.6
86,S1,35,118,26,,8468,86,98.5,104.5,84.68,-1.32,-132.0,-519.0,203,308,97,92,98.5,96.3,142.0,-257.3,-390.0,358.7,186.4,493.0,231.7,-63.5,-61.3,-62,-57,-107.0,-323.7,-151.4,-458.0,-196.7
87,S1,157,35,27,,8503,87,97.7,104,85.03,-1.97,-197.0,-545.0,153,238,147,162,97.7,123.6,162.7,-323.7,-458.0,425.2,208.3,561.0,254.1,59.3,33.4,10,-5,-5.7,-268.2,-51.3,-404.0,-97.1
88,S1,25,157,27,bonus_as10_gae1_no,8660,88,98.4,104.5,86.6,-1.4,-140.0,-536.0,192,310,108,90,98.4,83.4,144.6,-268.2,-404.0,369.6,190.0,507.0,236.3,-73.4,-58.4,-83,-65,-119.6,-344.6,-165.0,-482.0,-211.3
89,S1,133,25,27,bonus_as10_gae1_no,8685,89,97.6,104,86.85,-2.15,-215.0,-571.0,182,217,118,183,97.6,126.9,168.5,-344.6,-482.0,446.1,215.2,585.0,262.1,35.4,6.1,15,-50,-35.5,-313.1,-82.2,-452.0,-129.1
90,S1,86,133,27,bonus_as10_gae1_no,8818,90,98.0,104.5,88.18,-1.82,-182.0,-587.0,158,315,142,85,98.0,91.3,158.0,-313.1,-452.0,414.6,204.8,555.0,252.2,-12.0,-5.3,-56,1,-72.0,-328.6,-118.8,-469.0,-166.2
91,S1,260,86,27,bonus_as10_gae1_no,8904,91,97.8,104,89.04,-1.96,-196.0,-560.0,219,244,81,156,97.8,106.8,162.5,-328.6,-469.0,430.0,209.9,572.0,257.8,162.2,153.2,179,104,97.5,-170.0,50.1,-312.0,2.2
92,S1,75,260,27,bonus_as10_gae1_no,9164,92,99.6,104.5,91.64,-0.36,-36.0,-450.0,346,479,-46,-79,99.6,49.6,111.5,-170.0,-312.0,271.5,157.6,415.0,206.0,-24.6,25.4,121,154,-36.5,-196.5,-82.6,-340.0,-131.0
93,S1,117,75,27,bonus_as10_gae1_no,9239,93,99.3,104,92.39,-0.61,-61.0,-433.0,335,421,-35,-21,99.3,110.4,119.5,-196.5,-340.0,297.9,166.3,443.0,215.2,17.7,6.6,152,138,-2.5,-180.9,-49.3,-326.0,-98.2
94,S1,79,117,27,bonus_as10_gae1_no,9356,94,99.5,104.5,93.56,-0.44,-44.0,-467.0,192,452,108,-52,99.5,96.6,114.1,-180.9,-326.0,282.4,161.2,429.0,210.6,-20.5,-17.6,-29,131,-35.1,-203.4,-82.2,-350.0,-131.6
95,S1,97,79,27,bonus_as10_gae1_no,9435,95,99.3,104,94.35,-0.65,-65.0,-445.0,196,271,104,129,99.3,109.1,120.8,-203.4,-350.0,304.8,168.6,453.0,218.5,-2.3,-12.1,-7,-32,-23.8,-207.8,-71.6,-356.0,-121.5
96,S1,103,97,27,bonus_as10_gae1_no,9532,96,99.3,103.0,95.32,-0.68,-68.0,-356.0,176,293,124,107,99.3,103.2,121.7,-207.8,-356.0,309.3,170.0,459.0,220.5,3.7,-0.2,-21,-4,-18.7,-206.3,-67.0,-356.0,-117.5
97,S1,163,103,37,bonus_as10_gae1_no,9635,97,99.3,103,96.35,-0.65,-65.0,-356.0,200,279,100,121,99.3,101.2,120.8,-206.3,-356.0,307.8,169.5,459.0,220.5,63.7,61.8,63,42,42.2,-144.8,-6.5,-296.0,-57.5
98,S1,193,163,42,bonus_as10_gae1_no,9798,98,100.0,103.5,97.98,-0.02,-2.0,-345.0,266,363,34,37,100.0,81.5,100.6,-144.8,-296.0,246.2,149.2,399.0,200.7,93.0,111.5,159,156,92.4,-53.2,43.8,-206.0,-7.7
99,S1,121,193,42,bonus_as10_gae1_no,9991,99,100.9,104,99.91,0.91,91.0,-305.0,356,459,-56,-59,100.9,71.6,70.9,-53.2,-206.0,154.7,119.0,309.0,171.0,20.1,49.4,177,180,50.1,-33.7,2.0,-188.0,-50.0
100,S1,149,121,45,,10112,100,101.1,104.5,101.12,1.12,112.0,-338.0,314,477,-14,-77,101.1,95.3,64.2,-33.7,-188.0,135.1,112.6,291.0,165.0,47.9,53.7,163,226,84.8,13.9,36.4,-142.0,-16.0
101,S1,123,149,47,bonus_as10_gae1_no,10261,101,101.6,105,102.61,1.61,161.0,-344.0,270,463,30,-63,101.6,86.1,48.5,13.9,-142.0,87.6,96.9,245.0,149.9,21.4,36.9,93,186,74.5,35.4,26.1,-122.0,-26.9
102,S1,94,123,47,bonus_ds25_gae1_no,10384,102,101.8,106.5,103.84,1.84,184.0,-479.0,272,393,28,7,101.8,94.6,41.1,35.4,-122.0,66.0,89.8,225.0,143.3,-7.8,-0.6,66,87,52.9,28.0,4.2,-131.0,-49.3
103,S1,142,94,47,bonus_ds25_gae1_no,10478,103,101.7,105,104.78,1.78,178.0,-337.0,217,366,83,34,101.7,104.2,43.0,28.0,-131.0,73.5,92.2,234.0,146.2,40.3,37.8,59,108,99.0,68.5,49.8,-92.0,-4.2
104,S1,53,142,47,bonus_ds25_gae1_no,10620,104,102.1,106.5,106.2,2.2,220.0,-456.0,236,359,64,41,102.1,88.4,29.5,68.5,-92.0,33.0,78.9,195.0,133.4,-49.1,-35.4,-11,12,23.5,20.0,-25.9,-142.0,-80.4
105,S1,163,53,47,bonus_ds25_gae1_no,10673,105,101.6,105,106.73,1.73,173.0,-352.0,195,289,105,111,101.6,117.7,44.6,20.0,-142.0,81.4,94.8,245.0,149.9,61.4,45.3,58,52,118.4,81.6,68.2,-82.0,13.1
106,S1,97,163,47,bonus_ds25_gae1_no,10836,106,102.2,106.5,108.36,2.36,236.0,-453.0,216,358,84,42,102.2,81.5,24.3,81.6,-82.0,19.9,74.5,185.0,130.1,-5.2,15.5,13,55,72.7,77.1,22.5,-88.0,-33.1
107,S1,46,97,47,bonus_ds25_gae1_no,10933,107,102.2,105,109.33,2.33,233.0,-302.0,260,313,40,87,102.2,103.2,25.3,77.1,-88.0,24.3,76.0,191.0,132.0,-56.2,-57.2,6,-41,20.7,21.7,-30.0,-145.0,-86.0
108,S1,181,46,47,bonus_ds25_gae1_no,10979,108,101.7,104.5,109.79,1.79,179.0,-307.0,143,306,157,94,101.7,120.0,42.6,21.7,-145.0,79.8,94.3,248.0,150.9,79.3,61.0,24,87,138.4,101.2,86.7,-67.0,30.1
109,S1,16,181,47,bonus_bs15_gae1_no,11160,109,102.4,105,111.6,2.6,260.0,-285.0,227,324,73,76,102.4,75.6,16.6,101.2,-67.0,0.2,68.1,170.0,125.1,-86.4,-59.6,-57,-60,-0.6,15.8,-52.1,-154.0,-109.1
110,S1,101,16,47,bonus_bs15_gae1_no,11176,110,101.6,104.5,111.76,1.76,176.0,-319.0,197,243,103,157,101.6,129.8,43.5,15.8,-154.0,85.7,96.3,257.0,153.8,-0.6,-28.8,-2,-56,57.5,15.3,4.7,-156.0,-52.8
111,S1,101,101,47,bonus_bs15_gae1_no,11277,111,101.6,104,112.77,1.77,177.0,-267.0,117,298,183,102,101.6,101.9,43.2,15.3,-156.0,86.1,96.4,259.0,154.5,-0.6,-0.9,-82,-1,57.8,14.9,4.6,-158.0,-53.5
112,S1,153,101,47,bonus_bs15_gae1_no,11378,112,101.6,103.5,113.78,1.78,178.0,-214.0,202,218,98,182,101.6,101.9,42.8,14.9,-158.0,86.6,96.6,261.0,155.1,51.4,51.1,55,-29,110.2,66.4,56.4,-108.0,-2.1
113,S1,69,153,47,bonus_bs15_gae1_no,11531,113,102.0,104,115.31,2.31,231.0,-221.0,254,355,46,45,102.0,84.8,25.8,66.4,-108.0,35.1,79.5,211.0,138.6,-33.0,-15.8,23,24,43.2,33.9,-10.5,-142.0,-69.6
114,S1,69,69,47,bonus_bs15_gae1_no,11600,114,101.8,103.5,116.0,2.0,200.0,-199.0,222,323,78,77,101.8,112.4,35.8,33.9,-142.0,67.5,90.3,245.0,149.9,-32.8,-43.4,-9,-8,33.2,1.5,-21.3,-176.0,-80.9
115,S1,162,69,47,bonus_bs15_gae1_no,11669,115,101.5,103,116.69,1.69,169.0,-176.0,138,291,162,109,101.5,112.4,45.7,1.5,-176.0,100.0,101.0,279.0,161.1,60.5,49.6,0,53,116.3,62.0,61.0,-117.0,0.9
116,S1,44,162,47,bonus_bs15_gae1_no,11831,116,102.0,103.5,118.31,2.31,231.0,-175.0,231,300,69,100,102.0,81.8,25.8,62.0,-117.0,39.4,81.0,220.0,141.6,-58.0,-37.8,-25,-56,18.2,4.6,-37.0,-176.0,-97.6
117,S1,118,44,47,bonus_bs15_gae1_no,11875,117,101.5,103,118.75,1.75,175.0,-176.0,206,275,94,125,101.5,120.6,43.7,4.6,-176.0,96.9,99.9,279.0,161.1,16.5,-2.6,24,-7,74.3,21.1,18.1,-161.0,-43.1
118,S1,149,118,47,bonus_bs15_gae1_no,11993,118,101.6,103.5,119.93,1.93,193.0,-220.0,162,324,138,76,101.6,96.3,37.9,21.1,-161.0,80.3,94.5,264.0,156.1,47.4,52.7,11,73,111.1,68.7,54.5,-115.0,-7.1
119,S1,110,149,47,bonus_bs15_gae1_no,12142,119,102.0,104,121.42,2.42,242.0,-234.0,267,311,33,89,102.0,86.1,22.2,68.7,-115.0,32.8,78.8,218.0,140.9,8.0,23.9,77,21,87.8,77.2,31.2,-108.0,-30.9
120,S1,84,110,47,bonus_as10_gae1_no,12252,120,102.1,104.5,122.52,2.52,252.0,-288.0,259,377,41,23,102.1,98.9,18.9,77.2,-108.0,24.3,76.0,211.0,138.6,-18.1,-14.9,43,61,65.1,59.7,8.0,-127.0,-54.6
121,S1,40,84,47,bonus_as10_gae1_no,12336,121,102.0,104,123.36,2.36,236.0,-248.0,194,343,106,57,102.0,107.5,24.1,59.7,-127.0,41.7,81.7,230.0,144.9,-62.0,-67.5,-66,-17,15.9,-1.7,-41.7,-190.0,-104.9
122,S1,158,40,47,bonus_as10_gae1_no,12376,122,101.4,103.5,123.76,1.76,176.0,-251.0,124,234,176,166,101.4,121.9,43.4,-1.7,-190.0,103.2,102.0,293.0,165.7,56.6,36.1,-18,-8,114.6,54.8,56.0,-135.0,-7.7
123,S1,52,158,47,bonus_as10_gae1_no,12534,123,101.9,104,125.34,2.34,234.0,-258.0,198,282,102,118,101.9,83.1,24.7,54.8,-135.0,46.6,83.4,238.0,147.6,-49.9,-31.1,-50,-66,27.3,5.4,-31.4,-186.0,-95.6
124,S1,114,52,47,bonus_as10_gae1_no,12586,124,101.5,103.5,125.86,1.86,186.0,-248.0,210,250,90,150,101.5,118.0,40.1,5.4,-186.0,96.1,99.7,289.0,164.4,12.5,-4.0,24,-36,73.9,17.9,14.3,-175.0,-50.4
125,S1,86,114,47,bonus_as10_gae1_no,12700,125,101.6,104,127.0,2.0,200.0,-300.0,166,324,134,76,101.6,97.6,35.6,17.9,-175.0,83.5,95.5,278.0,160.7,-15.6,-11.6,-48,10,50.4,2.5,-9.5,-192.0,-74.7
126,S1,99,86,47,bonus_as10_gae1_no,12786,126,101.5,103.5,127.86,1.86,186.0,-255.0,200,252,100,148,101.5,106.8,40.1,2.5,-192.0,99.0,100.6,295.0,166.4,-2.5,-7.8,-1,-49,58.9,0.0,-1.6,-196.0,-67.4
