sn,csv_seq,r1_idx,r2_idx,r3_idx,s1,s2,s3,reel_1,reel_2,reel_3,spin_result,reward_code,is_triple,is_valuable,se_hash,bet_state
65215,65216,5,1,0,3,1,1,attack,coin,coin,gold,1,False,False,9b0002fd,3
65216,65217,3,3,8,30,2,2,accumulation,goldSack,goldSack,gold,1,False,False,9b0002fd,3
65217,65218,4,4,1,1,4,4,coin,steal,steal,gold,1,False,False,9b0002fd,3
65218,65219,1,1,1,1,1,1,coin,coin,coin,gold,1,True,False,9b0002fd,3
65219,65220,3,3,8,30,2,2,accumulation,goldSack,goldSack,gold,1,False,False,9b0002fd,3
65220,65221,5,8,8,30,30,1,accumulation,accumulation,coin,gold,1,False,False,9b0002fd,3
65222,65223,7,6,4,4,6,2,steal,spins,goldSack,gold,1,False,False,9b0002fd,3
65224,65225,0,0,0,3,3,3,attack,attack,attack,attack,2,True,False,9b0002fd,3
65226,65227,2,2,2,5,5,5,shield,shield,shield,shield,3,True,True,9b0002fd,3
65227,65228,0,0,0,3,3,3,attack,attack,attack,attack,2,True,False,9b0002fd,3
65228,65229,7,7,8,30,2,2,accumulation,goldSack,goldSack,gold,1,False,False,9b0002fd,3
65230,65231,3,7,8,30,2,2,accumulation,goldSack,goldSack,gold,1,False,False,9b0002fd,3
65232,65233,6,6,1,1,6,6,coin,spins,spins,gold,1,False,False,9b0002fd,3
65233,65234,3,0,0,3,3,2,attack,attack,goldSack,gold,1,False,False,9b0002fd,3
65236,65237,0,0,0,3,3,3,attack,attack,attack,attack,2,True,False,9b0002fd,3
65237,65238,5,1,0,3,1,1,attack,coin,coin,gold,1,False,False,9b0002fd,3
65239,65240,2,2,2,5,5,5,shield,shield,shield,shield,3,True,True,9b0002fd,3
65240,65241,5,8,8,30,30,1,accumulation,accumulation,coin,gold,1,False,False,9b0002fd,3
65241,65242,3,4,0,3,4,2,attack,steal,goldSack,gold,1,False,False,9b0002fd,3
65242,65243,3,4,0,3,4,2,attack,steal,goldSack,gold,1,False,False,9b0002fd,3
65243,65244,2,2,2,5,5,5,shield,shield,shield,shield,3,True,True,9b0002fd,3
65244,65245,3,4,0,3,4,2,attack,steal,goldSack,gold,1,False,False,9b0002fd,3
65245,65246,3,7,8,30,2,2,accumulation,goldSack,goldSack,gold,1,False,False,9b0002fd,3
65247,65248,7,0,0,3,3,2,attack,attack,goldSack,gold,1,False,False,9b0002fd,3
65248,65249,3,3,8,30,2,2,accumulation,goldSack,goldSack,gold,1,False,False,9b0002fd,3
65249,65250,6,6,6,6,6,6,spins,spins,spins,spins,5,True,True,9b0002fd,3
65250,65251,2,1,0,3,1,5,attack,coin,shield,gold,1,False,False,9b0002fd,3
65251,65252,5,1,5,1,1,1,coin,coin,coin,gold,1,True,False,9b0002fd,3
65252,65253,3,3,8,30,2,2,accumulation,goldSack,goldSack,gold,1,False,False,9b0002fd,3
65253,65254,4,4,1,1,4,4,coin,steal,steal,gold,1,False,False,9b0002fd,3
65255,65256,1,8,8,30,30,1,accumulation,accumulation,coin,gold,1,False,False,9b0002fd,3
65256,65257,7,3,8,30,2,2,accumulation,goldSack,goldSack,gold,1,False,False,9b0002fd,3
65257,65258,3,7,3,2,2,2,goldSack,goldSack,goldSack,gold,1,True,False,9b0002fd,3
65258,65259,6,1,1,1,1,6,coin,coin,spins,gold,1,False,False,9b0002fd,3
65259,65260,3,7,8,30,2,2,accumulation,goldSack,goldSack,gold,1,False,False,9b0002fd,3
65263,65264,7,7,8,30,2,2,accumulation,goldSack,goldSack,gold,1,False,False,9b0002fd,3
65266,65267,3,3,8,30,2,2,accumulation,goldSack,goldSack,gold,1,False,False,9b0002fd,3
65267,65268,6,1,1,1,1,6,coin,coin,spins,gold,1,False,False,9b0002fd,3
65269,65270,2,4,1,1,4,5,coin,steal,shield,gold,1,False,False,9b0002fd,3
65271,65272,6,1,5,1,1,6,coin,coin,spins,gold,1,False,False,9b0002fd,3
65272,65273,3,3,8,30,2,2,accumulation,goldSack,goldSack,gold,1,False,False,9b0002fd,3
65273,65274,6,4,5,1,4,6,coin,steal,spins,gold,1,False,False,9b0002fd,3
65275,65276,7,4,0,3,4,2,attack,steal,goldSack,gold,1,False,False,9b0002fd,3
65276,65277,4,4,4,4,4,4,steal,steal,steal,steal,4,True,False,9b0002fd,3
65277,65278,5,1,5,1,1,1,coin,coin,coin,gold,1,True,False,9b0002fd,3
65278,65279,5,1,5,1,1,1,coin,coin,coin,gold,1,True,False,9b0002fd,3
65279,65280,6,4,1,1,4,6,coin,steal,spins,gold,1,False,False,9b0002fd,3
65281,65282,5,8,8,30,30,1,accumulation,accumulation,coin,gold,1,False,False,9b0002fd,3
65282,65283,3,7,8,30,2,2,accumulation,goldSack,goldSack,gold,1,False,False,9b0002fd,3
65286,65287,4,4,4,4,4,4,steal,steal,steal,steal,4,True,False,9b0002fd,3
65287,65288,6,5,5,1,1,6,coin,coin,spins,gold,1,False,False,9b0002fd,3
65288,65289,7,7,8,30,2,2,accumulation,goldSack,goldSack,gold,1,False,False,9b0002fd,3
65291,65292,8,8,8,30,30,30,accumulation,accumulation,accumulation,gold,10,True,False,9b0002fd,3
65292,65293,3,7,8,30,2,2,accumulation,goldSack,goldSack,gold,1,False,False,9b0002fd,3
65293,65294,3,7,7,2,2,2,goldSack,goldSack,goldSack,gold,1,True,False,9b0002fd,3
65295,65296,3,4,0,3,4,2,attack,steal,goldSack,gold,1,False,False,9b0002fd,3
65296,65297,2,2,2,5,5,5,shield,shield,shield,shield,3,True,True,9b0002fd,3
65297,65298,7,3,8,30,2,2,accumulation,goldSack,goldSack,gold,1,False,False,9b0002fd,3
65298,65299,3,3,8,30,2,2,accumulation,goldSack,goldSack,gold,1,False,False,9b0002fd,3
65299,65300,0,0,0,3,3,3,attack,attack,attack,attack,2,True,False,9b0002fd,3
65300,65301,0,0,0,3,3,3,attack,attack,attack,attack,2,True,False,9b0002fd,3
65301,65302,5,8,8,30,30,1,accumulation,accumulation,coin,gold,1,False,False,9b0002fd,3
65302,65303,2,2,2,5,5,5,shield,shield,shield,shield,3,True,True,9b0002fd,3
65303,65304,7,3,7,2,2,2,goldSack,goldSack,goldSack,gold,1,True,False,9b0002fd,3
65306,65307,3,6,0,3,6,2,attack,spins,goldSack,gold,1,False,False,9b0002fd,3
65307,65308,3,7,3,2,2,2,goldSack,goldSack,goldSack,gold,1,True,False,9b0002fd,3
65309,65310,0,0,0,3,3,3,attack,attack,attack,attack,2,True,False,9b0002fd,3
65312,65313,7,7,8,30,2,2,accumulation,goldSack,goldSack,gold,1,False,False,9b0002fd,3
65313,65314,4,4,4,4,4,4,steal,steal,steal,steal,4,True,False,9b0002fd,3
65314,65315,0,0,0,3,3,3,attack,attack,attack,attack,2,True,False,9b0002fd,3
65315,65316,7,7,3,2,2,2,goldSack,goldSack,goldSack,gold,1,True,False,9b0002fd,3
65316,65317,6,1,1,1,1,6,coin,coin,spins,gold,1,False,False,9b0002fd,3
65317,65318,0,0,0,3,3,3,attack,attack,attack,attack,2,True,False,9b0002fd,3
65318,65319,1,5,1,1,1,1,coin,coin,coin,gold,1,True,False,9b0002fd,3
65320,65321,6,5,5,1,1,6,coin,coin,spins,gold,1,False,False,9b0002fd,3
65321,65322,0,0,0,3,3,3,attack,attack,attack,attack,2,True,False,9b0002fd,3
65322,65323,0,0,0,3,3,3,attack,attack,attack,attack,2,True,False,9b0002fd,3
65323,65324,7,0,0,3,3,2,attack,attack,goldSack,gold,1,False,False,9b0002fd,3
65324,65325,6,4,1,1,4,6,coin,steal,spins,gold,1,False,False,9b0002fd,3
65328,65329,7,4,0,3,4,2,attack,steal,goldSack,gold,1,False,False,9b0002fd,3
65329,65330,3,7,8,30,2,2,accumulation,goldSack,goldSack,gold,1,False,False,9b0002fd,3
65330,65331,5,8,8,30,30,1,accumulation,accumulation,coin,gold,1,False,False,9b0002fd,3
65332,65333,0,8,8,30,30,3,accumulation,accumulation,attack,gold,6,False,False,9b0002fd,3
65333,65334,3,4,0,3,4,2,attack,steal,goldSack,gold,1,False,False,9b0002fd,3
65335,65336,7,7,8,30,2,2,accumulation,goldSack,goldSack,gold,1,False,False,9b0002fd,3
65336,65337,6,5,5,1,1,6,coin,coin,spins,gold,1,False,False,9b0002fd,3
65341,65342,3,3,7,2,2,2,goldSack,goldSack,goldSack,gold,1,True,False,9b0002fd,3
65344,65345,0,0,0,3,3,3,attack,attack,attack,attack,2,True,False,9b0002fd,3
65346,65347,7,3,3,2,2,2,goldSack,goldSack,goldSack,gold,1,True,False,9b0002fd,3
65347,65348,3,0,0,3,3,2,attack,attack,goldSack,gold,1,False,False,9b0002fd,3
65348,65349,3,4,0,3,4,2,attack,steal,goldSack,gold,1,False,False,9b0002fd,3
65349,65350,8,8,8,30,30,30,accumulation,accumulation,accumulation,gold,10,True,False,9b0002fd,3
65351,65352,3,3,8,30,2,2,accumulation,goldSack,goldSack,gold,1,False,False,9b0002fd,3
65352,65353,7,0,0,3,3,2,attack,attack,goldSack,gold,1,False,False,9b0002fd,3
65356,65357,4,4,4,4,4,4,steal,steal,steal,steal,4,True,False,9b0002fd,3
65357,65358,7,7,8,30,2,2,accumulation,goldSack,goldSack,gold,1,False,False,9b0002fd,3
65360,65361,0,0,0,3,3,3,attack,attack,attack,attack,2,True,False,9b0002fd,3
65361,65362,0,0,0,3,3,3,attack,attack,attack,attack,2,True,False,9b0002fd,3
65362,65363,3,7,8,30,2,2,accumulation,goldSack,goldSack,gold,1,False,False,9b0002fd,3
65363,65364,3,3,8,30,2,2,accumulation,goldSack,goldSack,gold,1,False,False,9b0002fd,3
65364,65365,5,8,8,30,30,1,accumulation,accumulation,coin,gold,1,False,False,9b0002fd,3
65365,65366,3,3,8,30,2,2,accumulation,goldSack,goldSack,gold,1,False,False,9b0002fd,3
65366,65367,1,1,1,1,1,1,coin,coin,coin,gold,1,True,False,9b0002fd,3
65367,65368,3,4,0,3,4,2,attack,steal,goldSack,gold,1,False,False,9b0002fd,3
65368,65369,7,4,0,3,4,2,attack,steal,goldSack,gold,1,False,False,9b0002fd,3
65369,65370,7,6,0,3,6,2,attack,spins,goldSack,gold,1,False,False,9b0002fd,3
65371,65372,3,4,0,3,4,2,attack,steal,goldSack,gold,1,False,False,9b0002fd,3
65373,65374,3,4,0,3,4,2,attack,steal,goldSack,gold,1,False,False,9b0002fd,3
65374,65375,7,7,8,30,2,2,accumulation,goldSack,goldSack,gold,1,False,False,9b0002fd,3
65375,65376,7,7,8,30,2,2,accumulation,goldSack,goldSack,gold,1,False,False,9b0002fd,3
65376,65377,6,4,1,1,4,6,coin,steal,spins,gold,1,False,False,9b0002fd,3
65377,65378,3,0,0,3,3,2,attack,attack,goldSack,gold,1,False,False,9b0002fd,3
65379,65380,2,2,2,5,5,5,shield,shield,shield,shield,3,True,True,9b0002fd,3
65380,65381,7,4,0,3,4,2,attack,steal,goldSack,gold,1,False,False,9b0002fd,3
65382,65383,3,3,8,30,2,2,accumulation,goldSack,goldSack,gold,1,False,False,9b0002fd,3
65383,65384,7,3,8,30,2,2,accumulation,goldSack,goldSack,gold,1,False,False,9b0002fd,3
65384,65385,5,5,1,1,1,1,coin,coin,coin,gold,1,True,False,9b0002fd,3
65386,65387,6,1,1,1,1,6,coin,coin,spins,gold,1,False,False,9b0002fd,3
65388,65389,0,0,0,3,3,3,attack,attack,attack,attack,2,True,False,9b0002fd,3
65389,65390,2,2,2,5,5,5,shield,shield,shield,shield,3,True,True,9b0002fd,3
65391,65392,4,4,4,4,4,4,steal,steal,steal,steal,4,True,False,9b0002fd,3
65392,65393,6,5,1,1,1,6,coin,coin,spins,gold,1,False,False,9b0002fd,3
65393,65394,7,7,8,30,2,2,accumulation,goldSack,goldSack,gold,1,False,False,9b0002fd,3
65394,65395,3,3,8,30,2,2,accumulation,goldSack,goldSack,gold,1,False,False,9b0002fd,3
65395,65396,0,0,0,3,3,3,attack,attack,attack,attack,2,True,False,9b0002fd,3
65397,65398,2,2,2,5,5,5,shield,shield,shield,shield,3,True,True,9b0002fd,3
65399,65400,6,4,5,1,4,6,coin,steal,spins,gold,1,False,False,9b0002fd,3
65400,65401,6,5,1,1,1,6,coin,coin,spins,gold,1,False,False,9b0002fd,3
65401,65402,7,7,8,30,2,2,accumulation,goldSack,goldSack,gold,1,False,False,9b0002fd,3
65404,65405,2,2,5,1,5,5,coin,shield,shield,gold,1,False,False,9b0002fd,3
65405,65406,4,4,1,1,4,4,coin,steal,steal,gold,1,False,False,9b0002fd,3
65406,65407,1,8,8,30,30,1,accumulation,accumulation,coin,gold,1,False,False,9b0002fd,3
65409,65410,5,8,8,30,30,1,accumulation,accumulation,coin,gold,1,False,False,9b0002fd,3
65411,65412,0,0,0,3,3,3,attack,attack,attack,attack,2,True,False,9b0002fd,3
65414,65415,1,8,8,30,30,1,accumulation,accumulation,coin,gold,1,False,False,9b0002fd,3
65415,65416,4,4,1,1,4,4,coin,steal,steal,gold,1,False,False,9b0002fd,3
65417,65418,3,4,0,3,4,2,attack,steal,goldSack,gold,1,False,False,9b0002fd,3
65418,65419,2,2,2,5,5,5,shield,shield,shield,shield,3,True,True,9b0002fd,3
65419,65420,7,3,8,30,2,2,accumulation,goldSack,goldSack,gold,1,False,False,9b0002fd,3
65421,65422,3,7,8,30,2,2,accumulation,goldSack,goldSack,gold,1,False,False,9b0002fd,3
65422,65423,3,3,3,2,2,2,goldSack,goldSack,goldSack,gold,1,True,False,9b0002fd,3
65423,65424,3,7,8,30,2,2,accumulation,goldSack,goldSack,gold,1,False,False,9b0002fd,3
65424,65425,3,3,7,2,2,2,goldSack,goldSack,goldSack,gold,1,True,False,9b0002fd,3
65427,65428,4,4,4,4,4,4,steal,steal,steal,steal,4,True,False,9b0002fd,3
65430,65431,6,4,5,1,4,6,coin,steal,spins,gold,1,False,False,9b0002fd,3
65432,65433,6,6,6,6,6,6,spins,spins,spins,spins,5,True,True,9b0002fd,3
65433,65434,3,3,8,30,2,2,accumulation,goldSack,goldSack,gold,1,False,False,9b0002fd,3
65434,65435,5,8,8,30,30,1,accumulation,accumulation,coin,gold,1,False,False,9b0002fd,3
65435,65436,5,8,8,30,30,1,accumulation,accumulation,coin,gold,1,False,False,9b0002fd,3
65436,65437,0,0,0,3,3,3,attack,attack,attack,attack,2,True,False,9b0002fd,3
65438,65439,5,5,5,1,1,1,coin,coin,coin,gold,1,True,False,9b0002fd,3
65439,65440,3,3,8,30,2,2,accumulation,goldSack,goldSack,gold,1,False,False,9b0002fd,3
65440,65441,3,4,0,3,4,2,attack,steal,goldSack,gold,1,False,False,9b0002fd,3
65442,65443,4,1,5,1,1,4,coin,coin,steal,gold,1,False,False,9b0002fd,3
65444,65445,4,4,5,1,4,4,coin,steal,steal,gold,1,False,False,9b0002fd,3
65445,65446,4,4,5,1,4,4,coin,steal,steal,gold,1,False,False,9b0002fd,3
65446,65447,1,0,0,3,3,1,attack,attack,coin,gold,1,False,False,9b0002fd,3
65448,65449,7,6,4,4,6,2,steal,spins,goldSack,gold,1,False,False,9b0002fd,3
65449,65450,3,6,0,3,6,2,attack,spins,goldSack,gold,1,False,False,9b0002fd,3
65450,65451,7,3,7,2,2,2,goldSack,goldSack,goldSack,gold,1,True,False,9b0002fd,3
65452,65453,3,7,8,30,2,2,accumulation,goldSack,goldSack,gold,1,False,False,9b0002fd,3
65453,65454,0,0,0,3,3,3,attack,attack,attack,attack,2,True,False,9b0002fd,3
65455,65456,0,0,0,3,3,3,attack,attack,attack,attack,2,True,False,9b0002fd,3
65456,65457,3,7,8,30,2,2,accumulation,goldSack,goldSack,gold,1,False,False,9b0002fd,3
65457,65458,5,8,8,30,30,1,accumulation,accumulation,coin,gold,1,False,False,9b0002fd,3
65459,65460,3,6,0,3,6,2,attack,spins,goldSack,gold,1,False,False,9b0002fd,3
65461,65462,7,3,8,30,2,2,accumulation,goldSack,goldSack,gold,1,False,False,9b0002fd,3
65462,65463,2,2,2,5,5,5,shield,shield,shield,shield,3,True,True,9b0002fd,3
65463,65464,2,2,2,5,5,5,shield,shield,shield,shield,3,True,True,9b0002fd,3
65464,65465,7,6,0,3,6,2,attack,spins,goldSack,gold,1,False,False,9b0002fd,3
65465,65466,2,1,0,3,1,5,attack,coin,shield,gold,1,False,False,9b0002fd,3
65466,65467,3,6,0,3,6,2,attack,spins,goldSack,gold,1,False,False,9b0002fd,3
65468,65469,7,4,0,3,4,2,attack,steal,goldSack,gold,1,False,False,9b0002fd,3
65469,65470,4,5,1,1,1,4,coin,coin,steal,gold,1,False,False,9b0002fd,3
65471,65472,3,3,8,30,2,2,accumulation,goldSack,goldSack,gold,1,False,False,9b0002fd,3
65472,65473,3,7,8,30,2,2,accumulation,goldSack,goldSack,gold,1,False,False,9b0002fd,3
65474,65475,4,1,5,1,1,4,coin,coin,steal,gold,1,False,False,9b0002fd,3
65475,65476,7,3,8,30,2,2,accumulation,goldSack,goldSack,gold,1,False,False,9b0002fd,3
65476,65477,6,6,1,1,6,6,coin,spins,spins,gold,1,False,False,9b0002fd,3
65477,65478,0,0,0,3,3,3,attack,attack,attack,attack,2,True,False,9b0002fd,3
65478,65479,0,0,0,3,3,3,attack,attack,attack,attack,2,True,False,9b0002fd,3
65479,65480,4,1,5,1,1,4,coin,coin,steal,gold,1,False,False,9b0002fd,3
65480,65481,3,3,8,30,2,2,accumulation,goldSack,goldSack,gold,1,False,False,9b0002fd,3
65481,65482,4,5,5,1,1,4,coin,coin,steal,gold,1,False,False,9b0002fd,3
65483,65484,7,6,0,3,6,2,attack,spins,goldSack,gold,1,False,False,9b0002fd,3
65485,65486,2,2,2,5,5,5,shield,shield,shield,shield,3,True,True,9b0002fd,3
65487,65488,4,4,4,4,4,4,steal,steal,steal,steal,4,True,False,9b0002fd,3
65490,65491,3,6,4,4,6,2,steal,spins,goldSack,gold,1,False,False,9b0002fd,3
65491,65492,7,4,0,3,4,2,attack,steal,goldSack,gold,1,False,False,9b0002fd,3
65492,65493,7,7,8,30,2,2,accumulation,goldSack,goldSack,gold,1,False,False,9b0002fd,3
65493,65494,4,1,1,1,1,4,coin,coin,steal,gold,1,False,False,9b0002fd,3
65494,65495,7,6,4,4,6,2,steal,spins,goldSack,gold,1,False,False,9b0002fd,3
65495,65496,2,5,0,3,1,5,attack,coin,shield,gold,1,False,False,9b0002fd,3
65496,65497,1,8,8,30,30,1,accumulation,accumulation,coin,gold,1,False,False,9b0002fd,3
65497,65498,3,7,8,30,2,2,accumulation,goldSack,goldSack,gold,1,False,False,9b0002fd,3
65499,65500,6,6,6,6,6,6,spins,spins,spins,spins,5,True,True,9b0002fd,3
65500,65501,8,8,8,30,30,30,accumulation,accumulation,accumulation,gold,10,True,False,9b0002fd,3
65501,65502,7,3,8,30,2,2,accumulation,goldSack,goldSack,gold,1,False,False,9b0002fd,3
65502,65503,3,3,8,30,2,2,accumulation,goldSack,goldSack,gold,1,False,False,9b0002fd,3
65504,65505,1,8,8,30,30,1,accumulation,accumulation,coin,gold,1,False,False,9b0002fd,3
65505,65506,0,0,0,3,3,3,attack,attack,attack,attack,2,True,False,9b0002fd,3
65506,65507,4,4,4,4,4,4,steal,steal,steal,steal,4,True,False,9b0002fd,3
65509,65510,1,5,1,1,1,1,coin,coin,coin,gold,1,True,False,9b0002fd,3
65510,65511,2,2,5,1,5,5,coin,shield,shield,gold,1,False,False,9b0002fd,3
65511,65512,7,0,0,3,3,2,attack,attack,goldSack,gold,1,False,False,9b0002fd,3
65512,65513,2,2,2,5,5,5,shield,shield,shield,shield,3,True,True,9b0002fd,3
65514,65515,3,7,8,30,2,2,accumulation,goldSack,goldSack,gold,1,False,False,9b0002fd,3
65517,65518,5,8,8,30,30,1,accumulation,accumulation,coin,gold,1,False,False,9b0002fd,3
65520,65521,0,8,8,30,30,3,accumulation,accumulation,attack,gold,6,False,False,9b0002fd,3
65521,65522,4,4,4,4,4,4,steal,steal,steal,steal,4,True,False,9b0002fd,3
65522,65523,5,8,8,30,30,1,accumulation,accumulation,coin,gold,1,False,False,9b0002fd,3
65523,65524,7,7,8,30,2,2,accumulation,goldSack,goldSack,gold,1,False,False,9b0002fd,3
65525,65526,0,0,0,3,3,3,attack,attack,attack,attack,2,True,False,9b0002fd,3
65527,65528,7,6,0,3,6,2,attack,spins,goldSack,gold,1,False,False,9b0002fd,3
65528,65529,3,6,4,4,6,2,steal,spins,goldSack,gold,1,False,False,9b0002fd,3
65529,65530,0,0,0,3,3,3,attack,attack,attack,attack,2,True,False,9b0002fd,3
65532,65533,3,7,8,30,2,2,accumulation,goldSack,goldSack,gold,1,False,False,9b0002fd,3
65533,65534,6,6,1,1,6,6,coin,spins,spins,gold,1,False,False,9b0002fd,3
65534,65535,3,7,8,30,2,2,accumulation,goldSack,goldSack,gold,1,False,False,9b0002fd,3
65536,65537,4,4,1,1,4,4,coin,steal,steal,gold,1,False,False,9b0002fd,3
65538,65539,7,7,2,5,2,2,shield,goldSack,goldSack,gold,1,False,False,9b0002fd,3
65539,65540,6,6,6,6,6,6,spins,spins,spins,spins,5,True,True,9b0002fd,3
65541,65542,0,0,0,3,3,3,attack,attack,attack,attack,2,True,False,9b0002fd,3
65545,65546,3,3,8,30,2,2,accumulation,goldSack,goldSack,gold,1,False,False,9b0002fd,3
65546,65547,2,1,0,3,1,5,attack,coin,shield,gold,1,False,False,9b0002fd,3
65547,65548,8,8,8,30,30,30,accumulation,accumulation,accumulation,gold,10,True,False,9b0002fd,3
65549,65550,3,7,8,30,2,2,accumulation,goldSack,goldSack,gold,1,False,False,9b0002fd,3
65550,65551,4,1,5,1,1,4,coin,coin,steal,gold,1,False,False,9b0002fd,3
65551,65552,0,0,0,3,3,3,attack,attack,attack,attack,2,True,False,9b0002fd,3
65552,65553,2,5,0,3,1,5,attack,coin,shield,gold,1,False,False,9b0002fd,3
65555,65556,3,4,4,4,4,2,steal,steal,goldSack,gold,1,False,False,9b0002fd,3
65556,65557,3,3,8,30,2,2,accumulation,goldSack,goldSack,gold,1,False,False,9b0002fd,3
65557,65558,2,5,0,3,1,5,attack,coin,shield,gold,1,False,False,9b0002fd,3
65558,65559,7,4,4,4,4,2,steal,steal,goldSack,gold,1,False,False,9b0002fd,3
65559,65560,7,3,8,30,2,2,accumulation,goldSack,goldSack,gold,1,False,False,9b0002fd,3
65561,65562,2,2,2,5,5,5,shield,shield,shield,shield,3,True,True,9b0002fd,3
65562,65563,2,2,2,5,5,5,shield,shield,shield,shield,3,True,True,9b0002fd,3
65563,65564,4,5,1,1,1,4,coin,coin,steal,gold,1,False,False,9b0002fd,3
65565,65566,7,7,8,30,2,2,accumulation,goldSack,goldSack,gold,1,False,False,9b0002fd,3
65567,65568,7,6,6,6,6,2,spins,spins,goldSack,gold,1,False,False,9b0002fd,3
65569,65570,3,3,8,30,2,2,accumulation,goldSack,goldSack,gold,1,False,False,9b0002fd,3
65571,65572,2,5,0,3,1,5,attack,coin,shield,gold,1,False,False,9b0002fd,3
65572,65573,7,7,8,30,2,2,accumulation,goldSack,goldSack,gold,1,False,False,9b0002fd,3
65573,65574,3,8,8,30,30,2,accumulation,accumulation,goldSack,gold,1,False,False,9b0002fd,3
65574,65575,2,1,0,3,1,5,attack,coin,shield,gold,1,False,False,9b0002fd,3
65575,65576,3,8,8,30,30,2,accumulation,accumulation,goldSack,gold,1,False,False,9b0002fd,3
65576,65577,7,7,7,2,2,2,goldSack,goldSack,goldSack,gold,1,True,False,9b0002fd,3
65577,65578,3,6,0,3,6,2,attack,spins,goldSack,gold,1,False,False,9b0002fd,3
65579,65580,7,7,8,30,2,2,accumulation,goldSack,goldSack,gold,1,False,False,9b0002fd,3
65580,65581,7,6,0,3,6,2,attack,spins,goldSack,gold,1,False,False,9b0002fd,3
65581,65582,0,0,0,3,3,3,attack,attack,attack,attack,2,True,False,9b0002fd,3
65582,65583,3,7,8,30,2,2,accumulation,goldSack,goldSack,gold,1,False,False,9b0002fd,3
65583,65584,3,8,8,30,30,2,accumulation,accumulation,goldSack,gold,1,False,False,9b0002fd,3
65584,65585,2,2,2,5,5,5,shield,shield,shield,shield,3,True,True,9b0002fd,3
65585,65586,4,4,4,4,4,4,steal,steal,steal,steal,4,True,False,9b0002fd,3
65586,65587,0,0,0,3,3,3,attack,attack,attack,attack,2,True,False,9b0002fd,3
65588,65589,4,5,5,1,1,4,coin,coin,steal,gold,1,False,False,9b0002fd,3
65590,65591,2,2,2,5,5,5,shield,shield,shield,shield,3,True,True,9b0002fd,3
65591,65592,7,7,8,30,2,2,accumulation,goldSack,goldSack,gold,1,False,False,9b0002fd,3
65592,65593,6,5,0,3,1,6,attack,coin,spins,gold,1,False,False,9b0002fd,3
65593,65594,6,4,1,1,4,6,coin,steal,spins,gold,1,False,False,9b0002fd,3
65595,65596,7,8,8,30,30,2,accumulation,accumulation,goldSack,gold,1,False,False,9b0002fd,3
65597,65598,7,3,8,30,2,2,accumulation,goldSack,goldSack,gold,1,False,False,9b0002fd,3
65600,65601,3,8,8,30,30,2,accumulation,accumulation,goldSack,gold,1,False,False,9b0002fd,3
65602,65603,3,4,4,4,4,2,steal,steal,goldSack,gold,1,False,False,9b0002fd,3
65604,65605,4,1,1,1,1,4,coin,coin,steal,gold,1,False,False,9b0002fd,3
65605,65606,7,7,7,2,2,2,goldSack,goldSack,goldSack,gold,1,True,False,9b0002fd,3
65606,65607,6,4,1,1,4,6,coin,steal,spins,gold,1,False,False,9b0002fd,3
65607,65608,6,1,0,3,1,6,attack,coin,spins,gold,1,False,False,9b0002fd,3
65608,65609,4,4,4,4,4,4,steal,steal,steal,steal,4,True,False,9b0002fd,3
65610,65611,4,5,5,1,1,4,coin,coin,steal,gold,1,False,False,9b0002fd,3
65611,65612,0,8,8,30,30,3,accumulation,accumulation,attack,gold,6,False,False,9b0002fd,3
65613,65614,7,0,0,3,3,2,attack,attack,goldSack,gold,1,False,False,9b0002fd,3
65615,65616,7,3,8,30,2,2,accumulation,goldSack,goldSack,gold,1,False,False,9b0002fd,3
65616,65617,4,4,4,4,4,4,steal,steal,steal,steal,4,True,False,9b0002fd,3
65617,65618,0,0,0,3,3,3,attack,attack,attack,attack,2,True,False,9b0002fd,3
65618,65619,3,3,8,30,2,2,accumulation,goldSack,goldSack,gold,1,False,False,9b0002fd,3
65619,65620,2,5,0,3,1,5,attack,coin,shield,gold,1,False,False,9b0002fd,3
65620,65621,3,7,8,30,2,2,accumulation,goldSack,goldSack,gold,1,False,False,9b0002fd,3
65623,65624,4,1,1,1,1,4,coin,coin,steal,gold,1,False,False,9b0002fd,3
65625,65626,1,5,1,1,1,1,coin,coin,coin,gold,1,True,False,9b0002fd,3
65627,65628,0,0,0,3,3,3,attack,attack,attack,attack,2,True,False,9b0002fd,3
65630,65631,2,1,0,3,1,5,attack,coin,shield,gold,1,False,False,9b0002fd,3
65631,65632,0,0,0,3,3,3,attack,attack,attack,attack,2,True,False,9b0002fd,3
65634,65635,1,1,1,1,1,1,coin,coin,coin,gold,1,True,False,9b0002fd,3
65635,65636,7,7,8,30,2,2,accumulation,goldSack,goldSack,gold,1,False,False,9b0002fd,3
65637,65638,3,0,0,3,3,2,attack,attack,goldSack,gold,1,False,False,9b0002fd,3
65638,65639,7,3,8,30,2,2,accumulation,goldSack,goldSack,gold,1,False,False,9b0002fd,3
65640,65641,2,1,0,3,1,5,attack,coin,shield,gold,1,False,False,9b0002fd,3
65641,65642,3,3,7,2,2,2,goldSack,goldSack,goldSack,gold,1,True,False,9b0002fd,3
65642,65643,4,4,4,4,4,4,steal,steal,steal,steal,4,True,False,9b0002fd,3
65643,65644,1,1,5,1,1,1,coin,coin,coin,gold,1,True,False,9b0002fd,3
65644,65645,7,6,0,3,6,2,attack,spins,goldSack,gold,1,False,False,9b0002fd,3
65645,65646,0,0,0,3,3,3,attack,attack,attack,attack,2,True,False,9b0002fd,3
65647,65648,6,6,5,1,6,6,coin,spins,spins,gold,1,False,False,9b0002fd,3
65648,65649,6,4,5,1,4,6,coin,steal,spins,gold,1,False,False,9b0002fd,3
65649,65650,4,4,1,1,4,4,coin,steal,steal,gold,1,False,False,9b0002fd,3
65651,65652,5,1,1,1,1,1,coin,coin,coin,gold,1,True,False,9b0002fd,3
65652,65653,7,7,8,30,2,2,accumulation,goldSack,goldSack,gold,1,False,False,9b0002fd,3
65653,65654,5,8,8,30,30,1,accumulation,accumulation,coin,gold,1,False,False,9b0002fd,3
65654,65655,7,4,0,3,4,2,attack,steal,goldSack,gold,1,False,False,9b0002fd,3
65655,65656,4,5,5,1,1,4,coin,coin,steal,gold,1,False,False,9b0002fd,3
65656,65657,3,7,8,30,2,2,accumulation,goldSack,goldSack,gold,1,False,False,9b0002fd,3
65657,65658,3,7,8,30,2,2,accumulation,goldSack,goldSack,gold,1,False,False,9b0002fd,3
65659,65660,0,0,0,3,3,3,attack,attack,attack,attack,2,True,False,9b0002fd,3
65662,65663,1,8,8,30,30,1,accumulation,accumulation,coin,gold,1,False,False,9b0002fd,3
65663,65664,2,2,2,5,5,5,shield,shield,shield,shield,3,True,True,9b0002fd,3
65664,65665,2,2,2,5,5,5,shield,shield,shield,shield,3,True,True,9b0002fd,3
65666,65667,2,2,2,5,5,5,shield,shield,shield,shield,3,True,True,9b0002fd,3
65667,65668,0,0,0,3,3,3,attack,attack,attack,attack,2,True,False,9b0002fd,3
65668,65669,3,7,3,2,2,2,goldSack,goldSack,goldSack,gold,1,True,False,9b0002fd,3
65670,65671,4,1,1,1,1,4,coin,coin,steal,gold,1,False,False,9b0002fd,3
65671,65672,0,8,8,30,30,3,accumulation,accumulation,attack,gold,6,False,False,9b0002fd,3
65674,65675,4,4,5,1,4,4,coin,steal,steal,gold,1,False,False,9b0002fd,3
65675,65676,0,0,0,3,3,3,attack,attack,attack,attack,2,True,False,9b0002fd,3
65680,65681,3,7,8,30,2,2,accumulation,goldSack,goldSack,gold,1,False,False,9b0002fd,3
65681,65682,4,5,1,1,1,4,coin,coin,steal,gold,1,False,False,9b0002fd,3
65682,65683,0,0,0,3,3,3,attack,attack,attack,attack,2,True,False,9b0002fd,3
65684,65685,3,6,0,3,6,2,attack,spins,goldSack,gold,1,False,False,9b0002fd,3
65685,65686,5,8,8,30,30,1,accumulation,accumulation,coin,gold,1,False,False,9b0002fd,3
65688,65689,6,6,6,6,6,6,spins,spins,spins,spins,5,True,True,9b0002fd,3
65689,65690,3,3,8,30,2,2,accumulation,goldSack,goldSack,gold,1,False,False,9b0002fd,3
65690,65691,3,3,8,30,2,2,accumulation,goldSack,goldSack,gold,1,False,False,9b0002fd,3
65691,65692,4,4,4,4,4,4,steal,steal,steal,steal,4,True,False,9b0002fd,3
65692,65693,3,3,8,30,2,2,accumulation,goldSack,goldSack,gold,1,False,False,9b0002fd,3
65693,65694,7,6,0,3,6,2,attack,spins,goldSack,gold,1,False,False,9b0002fd,3
65694,65695,1,5,5,1,1,1,coin,coin,coin,gold,1,True,False,9b0002fd,3
65695,65696,3,4,0,3,4,2,attack,steal,goldSack,gold,1,False,False,9b0002fd,3
65696,65697,4,1,5,1,1,4,coin,coin,steal,gold,1,False,False,9b0002fd,3
65697,65698,4,4,4,4,4,4,steal,steal,steal,steal,4,True,False,9b0002fd,3
65698,65699,2,2,2,5,5,5,shield,shield,shield,shield,3,True,True,9b0002fd,3
65699,65700,7,7,8,30,2,2,accumulation,goldSack,goldSack,gold,1,False,False,9b0002fd,3
65701,65702,3,0,0,3,3,2,attack,attack,goldSack,gold,1,False,False,9b0002fd,3
65703,65704,1,1,1,1,1,1,coin,coin,coin,gold,1,True,False,9b0002fd,3
65704,65705,2,2,2,5,5,5,shield,shield,shield,shield,3,True,True,9b0002fd,3
65705,65706,4,4,1,1,4,4,coin,steal,steal,gold,1,False,False,9b0002fd,3
65707,65708,4,1,1,1,1,4,coin,coin,steal,gold,1,False,False,9b0002fd,3
65711,65712,0,0,0,3,3,3,attack,attack,attack,attack,2,True,False,9b0002fd,3
65712,65713,3,7,8,30,2,2,accumulation,goldSack,goldSack,gold,1,False,False,9b0002fd,3
65713,65714,3,3,3,2,2,2,goldSack,goldSack,goldSack,gold,1,True,False,9b0002fd,3
65714,65715,3,3,8,30,2,2,accumulation,goldSack,goldSack,gold,1,False,False,9b0002fd,3
65715,65716,1,1,5,1,1,1,coin,coin,coin,gold,1,True,False,9b0002fd,3
65717,65718,3,7,8,30,2,2,accumulation,goldSack,goldSack,gold,1,False,False,9b0002fd,3
65720,65721,0,0,0,3,3,3,attack,attack,attack,attack,2,True,False,9b0002fd,3
65722,65723,3,3,8,30,2,2,accumulation,goldSack,goldSack,gold,1,False,False,9b0002fd,3
65723,65724,1,8,8,30,30,1,accumulation,accumulation,coin,gold,1,False,False,9b0002fd,3
65724,65725,3,3,3,2,2,2,goldSack,goldSack,goldSack,gold,1,True,False,9b0002fd,3
65725,65726,3,3,8,30,2,2,accumulation,goldSack,goldSack,gold,1,False,False,9b0002fd,3
65726,65727,7,0,0,3,3,2,attack,attack,goldSack,gold,1,False,False,9b0002fd,3
65727,65728,7,6,0,3,6,2,attack,spins,goldSack,gold,1,False,False,9b0002fd,3
65731,65732,3,7,8,30,2,2,accumulation,goldSack,goldSack,gold,1,False,False,9b0002fd,3
65732,65733,3,0,0,3,3,2,attack,attack,goldSack,gold,1,False,False,9b0002fd,3
65733,65734,5,8,8,30,30,1,accumulation,accumulation,coin,gold,1,False,False,9b0002fd,3
65736,65737,7,7,8,30,2,2,accumulation,goldSack,goldSack,gold,1,False,False,9b0002fd,3
65737,65738,7,3,8,30,2,2,accumulation,goldSack,goldSack,gold,1,False,False,9b0002fd,3
65738,65739,8,8,8,30,30,30,accumulation,accumulation,accumulation,gold,10,True,False,9b0002fd,3
65741,65742,1,1,1,1,1,1,coin,coin,coin,gold,1,True,False,9b0002fd,3
65744,65745,7,4,0,3,4,2,attack,steal,goldSack,gold,1,False,False,9b0002fd,3
65745,65746,7,3,7,2,2,2,goldSack,goldSack,goldSack,gold,1,True,False,9b0002fd,3
65746,65747,7,3,8,30,2,2,accumulation,goldSack,goldSack,gold,1,False,False,9b0002fd,3
65747,65748,3,7,8,30,2,2,accumulation,goldSack,goldSack,gold,1,False,False,9b0002fd,3
65748,65749,7,4,0,3,4,2,attack,steal,goldSack,gold,1,False,False,9b0002fd,3
65750,65751,6,4,5,1,4,6,coin,steal,spins,gold,1,False,False,9b0002fd,3
65751,65752,6,5,5,1,1,6,coin,coin,spins,gold,1,False,False,9b0002fd,3
65753,65754,4,4,5,1,4,4,coin,steal,steal,gold,1,False,False,9b0002fd,3
65755,65756,2,2,2,5,5,5,shield,shield,shield,shield,3,True,True,9b0002fd,3
65756,65757,0,8,8,30,30,3,accumulation,accumulation,attack,gold,6,False,False,9b0002fd,3
65757,65758,0,0,0,3,3,3,attack,attack,attack,attack,2,True,False,9b0002fd,3
65758,65759,3,7,8,30,2,2,accumulation,goldSack,goldSack,gold,1,False,False,9b0002fd,3
65759,65760,4,4,4,4,4,4,steal,steal,steal,steal,4,True,False,9b0002fd,3
65762,65763,0,0,0,3,3,3,attack,attack,attack,attack,2,True,False,9b0002fd,3
65763,65764,6,5,5,1,1,6,coin,coin,spins,gold,1,False,False,9b0002fd,3
65764,65765,7,7,8,30,2,2,accumulation,goldSack,goldSack,gold,1,False,False,9b0002fd,3
65767,65768,3,3,8,30,2,2,accumulation,goldSack,goldSack,gold,1,False,False,9b0002fd,3
65768,65769,6,4,1,1,4,6,coin,steal,spins,gold,1,False,False,9b0002fd,3
65769,65770,6,4,1,1,4,6,coin,steal,spins,gold,1,False,False,9b0002fd,3
65770,65771,7,7,3,2,2,2,goldSack,goldSack,goldSack,gold,1,True,False,9b0002fd,3
65771,65772,0,0,0,3,3,3,attack,attack,attack,attack,2,True,False,9b0002fd,3
65773,65774,3,7,3,2,2,2,goldSack,goldSack,goldSack,gold,1,True,False,9b0002fd,3
65774,65775,3,0,0,3,3,2,attack,attack,goldSack,gold,1,False,False,9b0002fd,3
65776,65777,4,4,4,4,4,4,steal,steal,steal,steal,4,True,False,9b0002fd,3
65777,65778,3,4,0,3,4,2,attack,steal,goldSack,gold,1,False,False,9b0002fd,3
65778,65779,7,2,0,3,5,2,attack,shield,goldSack,gold,1,False,False,9b0002fd,3
65779,65780,3,0,0,3,3,2,attack,attack,goldSack,gold,1,False,False,9b0002fd,3
65783,65784,1,5,5,1,1,1,coin,coin,coin,gold,1,True,False,9b0002fd,3
65784,65785,1,1,5,1,1,1,coin,coin,coin,gold,1,True,False,9b0002fd,3
65785,65786,2,2,2,5,5,5,shield,shield,shield,shield,3,True,True,9b0002fd,3
65786,65787,3,3,8,30,2,2,accumulation,goldSack,goldSack,gold,1,False,False,9b0002fd,3
65787,65788,2,5,0,3,1,5,attack,coin,shield,gold,1,False,False,9b0002fd,3
65789,65790,1,8,8,30,30,1,accumulation,accumulation,coin,gold,1,False,False,9b0002fd,3
65790,65791,7,7,8,30,2,2,accumulation,goldSack,goldSack,gold,1,False,False,9b0002fd,3
65791,65792,1,1,5,1,1,1,coin,coin,coin,gold,1,True,False,9b0002fd,3
65792,65793,4,4,4,4,4,4,steal,steal,steal,steal,4,True,False,9b0002fd,3
65793,65794,6,1,1,1,1,6,coin,coin,spins,gold,1,False,False,9b0002fd,3
65794,65795,0,0,0,3,3,3,attack,attack,attack,attack,2,True,False,9b0002fd,3
65795,65796,6,4,1,1,4,6,coin,steal,spins,gold,1,False,False,9b0002fd,3
65797,65798,3,4,0,3,4,2,attack,steal,goldSack,gold,1,False,False,9b0002fd,3
65799,65800,8,8,8,30,30,30,accumulation,accumulation,accumulation,gold,10,True,False,9b0002fd,3
65800,65801,5,8,8,30,30,1,accumulation,accumulation,coin,gold,1,False,False,9b0002fd,3
65801,65802,1,1,1,1,1,1,coin,coin,coin,gold,1,True,False,9b0002fd,3
65802,65803,2,1,0,3,1,5,attack,coin,shield,gold,1,False,False,9b0002fd,3
65803,65804,6,6,6,6,6,6,spins,spins,spins,spins,5,True,True,9b0002fd,1
65805,65806,6,6,5,1,6,6,coin,spins,spins,gold,1,False,False,9b0002fd,1
65806,65807,6,5,1,1,1,6,coin,coin,spins,gold,1,False,False,9b0002fd,1
65807,65808,3,3,7,2,2,2,goldSack,goldSack,goldSack,gold,1,True,False,9b0002fd,1
65810,65811,0,0,0,3,3,3,attack,attack,attack,attack,2,True,False,9b0002fd,1
65811,65812,7,4,0,3,4,2,attack,steal,goldSack,gold,1,False,False,9b0002fd,1
65812,65813,7,0,0,3,3,2,attack,attack,goldSack,gold,1,False,False,9b0002fd,1
65813,65814,7,7,3,2,2,2,goldSack,goldSack,goldSack,gold,1,True,False,9b0002fd,1
65814,65815,3,7,8,30,2,2,accumulation,goldSack,goldSack,gold,1,False,False,9b0002fd,1
65815,65816,3,7,8,30,2,2,accumulation,goldSack,goldSack,gold,1,False,False,9b0002fd,1
65816,65817,7,7,8,30,2,2,accumulation,goldSack,goldSack,gold,1,False,False,9b0002fd,1
65817,65818,3,3,8,30,2,2,accumulation,goldSack,goldSack,gold,1,False,False,9b0002fd,1
65818,65819,1,8,8,30,30,1,accumulation,accumulation,coin,gold,1,False,False,9b0002fd,1
65819,65820,0,0,0,3,3,3,attack,attack,attack,attack,2,True,False,9b0002fd,1
65820,65821,2,1,0,3,1,5,attack,coin,shield,gold,1,False,False,9b0002fd,1
65822,65823,3,3,8,30,2,2,accumulation,goldSack,goldSack,gold,1,False,False,9b0002fd,1
65823,65824,1,8,8,30,30,1,accumulation,accumulation,coin,gold,1,False,False,9b0002fd,1
65825,65826,0,0,0,3,3,3,attack,attack,attack,attack,2,True,False,9b0002fd,1
65826,65827,2,2,2,5,5,5,shield,shield,shield,shield,3,True,True,9b0002fd,1
65827,65828,5,8,8,30,30,1,accumulation,accumulation,coin,gold,1,False,False,9b0002fd,1
65828,65829,7,7,8,30,2,2,accumulation,goldSack,goldSack,gold,1,False,False,9b0002fd,1
65829,65830,7,7,8,30,2,2,accumulation,goldSack,goldSack,gold,1,False,False,9b0002fd,1
65832,65833,2,2,2,5,5,5,shield,shield,shield,shield,3,True,True,9b0002fd,1
65835,65836,3,7,7,2,2,2,goldSack,goldSack,goldSack,gold,1,True,False,9b0002fd,1
65836,65837,3,0,0,3,3,2,attack,attack,goldSack,gold,1,False,False,9b0002fd,1
65837,65838,3,3,8,30,2,2,accumulation,goldSack,goldSack,gold,1,False,False,9b0002fd,1
65838,65839,7,3,8,30,2,2,accumulation,goldSack,goldSack,gold,1,False,False,9b0002fd,1
65839,65840,3,7,8,30,2,2,accumulation,goldSack,goldSack,gold,1,False,False,9b0002fd,1
65840,65841,4,4,4,4,4,4,steal,steal,steal,steal,4,True,False,9b0002fd,1
65842,65843,0,0,0,3,3,3,attack,attack,attack,attack,2,True,False,9b0002fd,1
65844,65845,3,6,0,3,6,2,attack,spins,goldSack,gold,1,False,False,9b0002fd,1
65845,65846,5,8,8,30,30,1,accumulation,accumulation,coin,gold,1,False,False,9b0002fd,1
65846,65847,7,6,0,3,6,2,attack,spins,goldSack,gold,1,False,False,9b0002fd,1
65849,65850,7,3,8,30,2,2,accumulation,goldSack,goldSack,gold,1,False,False,9b0002fd,1
65850,65851,2,2,2,5,5,5,shield,shield,shield,shield,3,True,True,9b0002fd,1
65851,65852,3,7,3,2,2,2,goldSack,goldSack,goldSack,gold,1,True,False,9b0002fd,1
65852,65853,8,8,8,30,30,30,accumulation,accumulation,accumulation,gold,10,True,False,9b0002fd,1
65853,65854,7,3,8,30,2,2,accumulation,goldSack,goldSack,gold,1,False,False,9b0002fd,1
65854,65855,2,2,2,5,5,5,shield,shield,shield,shield,3,True,True,9b0002fd,1
65856,65857,3,6,0,3,6,2,attack,spins,goldSack,gold,1,False,False,9b0002fd,1
65857,65858,7,3,7,2,2,2,goldSack,goldSack,goldSack,gold,1,True,False,9b0002fd,1
65859,65860,4,1,5,1,1,4,coin,coin,steal,gold,1,False,False,9b0002fd,1
65860,65861,3,7,8,30,2,2,accumulation,goldSack,goldSack,gold,1,False,False,9b0002fd,1
65863,65864,7,3,8,30,2,2,accumulation,goldSack,goldSack,gold,1,False,False,9b0002fd,1
65864,65865,6,6,6,6,6,6,spins,spins,spins,spins,5,True,True,9b0002fd,1
65865,65866,3,7,8,30,2,2,accumulation,goldSack,goldSack,gold,1,False,False,9b0002fd,1
65866,65867,3,3,8,30,2,2,accumulation,goldSack,goldSack,gold,1,False,False,9b0002fd,1
65869,65870,1,8,8,30,30,1,accumulation,accumulation,coin,gold,1,False,False,9b0002fd,1
65871,65872,7,3,8,30,2,2,accumulation,goldSack,goldSack,gold,1,False,False,9b0002fd,1
65873,65874,1,0,0,3,3,1,attack,attack,coin,gold,1,False,False,9b0002fd,1
65874,65875,4,4,4,4,4,4,steal,steal,steal,steal,4,True,False,9b0002fd,1
65875,65876,7,7,8,30,2,2,accumulation,goldSack,goldSack,gold,1,False,False,9b0002fd,1
65878,65879,4,1,1,1,1,4,coin,coin,steal,gold,1,False,False,9b0002fd,1
65879,65880,7,3,8,30,2,2,accumulation,goldSack,goldSack,gold,1,False,False,9b0002fd,1
65883,65884,2,2,2,5,5,5,shield,shield,shield,shield,3,True,True,9b0002fd,1
65885,65886,7,6,0,3,6,2,attack,spins,goldSack,gold,1,False,False,9b0002fd,1
65886,65887,3,6,0,3,6,2,attack,spins,goldSack,gold,1,False,False,9b0002fd,1
65887,65888,1,8,8,30,30,1,accumulation,accumulation,coin,gold,1,False,False,9b0002fd,1
65889,65890,1,0,0,3,3,1,attack,attack,coin,gold,1,False,False,9b0002fd,1
65890,65891,3,7,7,2,2,2,goldSack,goldSack,goldSack,gold,1,True,False,9b0002fd,1
65891,65892,7,7,8,30,2,2,accumulation,goldSack,goldSack,gold,1,False,False,9b0002fd,1
65893,65894,1,0,0,3,3,1,attack,attack,coin,gold,1,False,False,9b0002fd,1
65894,65895,0,0,0,3,3,3,attack,attack,attack,attack,2,True,False,9b0002fd,1
65895,65896,5,8,8,30,30,1,accumulation,accumulation,coin,gold,1,False,False,9b0002fd,1
65896,65897,4,1,1,1,1,4,coin,coin,steal,gold,1,False,False,9b0002fd,1
65897,65898,3,7,2,5,2,2,shield,goldSack,goldSack,gold,1,False,False,9b0002fd,1
65898,65899,5,8,8,30,30,1,accumulation,accumulation,coin,gold,1,False,False,9b0002fd,1
65899,65900,3,3,8,30,2,2,accumulation,goldSack,goldSack,gold,1,False,False,9b0002fd,1
65900,65901,0,0,0,3,3,3,attack,attack,attack,attack,2,True,False,9b0002fd,1
65901,65902,1,1,1,1,1,1,coin,coin,coin,gold,1,True,False,9b0002fd,1
65902,65903,0,0,0,3,3,3,attack,attack,attack,attack,2,True,False,9b0002fd,1
65903,65904,4,4,1,1,4,4,coin,steal,steal,gold,1,False,False,9b0002fd,1
65907,65908,5,1,1,1,1,1,coin,coin,coin,gold,1,True,False,9b0002fd,1
65909,65910,3,7,8,30,2,2,accumulation,goldSack,goldSack,gold,1,False,False,9b0002fd,1
65912,65913,6,6,1,1,6,6,coin,spins,spins,gold,1,False,False,9b0002fd,1
65915,65916,7,6,4,4,6,2,steal,spins,goldSack,gold,1,False,False,9b0002fd,1
65918,65919,0,0,0,3,3,3,attack,attack,attack,attack,2,True,False,9b0002fd,1
65920,65921,7,7,8,30,2,2,accumulation,goldSack,goldSack,gold,1,False,False,9b0002fd,1
65923,65924,7,6,4,4,6,2,steal,spins,goldSack,gold,1,False,False,9b0002fd,1
65924,65925,0,0,0,3,3,3,attack,attack,attack,attack,2,True,False,9b0002fd,1
65925,65926,0,0,0,3,3,3,attack,attack,attack,attack,2,True,False,9b0002fd,1
65927,65928,2,2,2,5,5,5,shield,shield,shield,shield,3,True,True,9b0002fd,1
65928,65929,1,8,8,30,30,1,accumulation,accumulation,coin,gold,1,False,False,9b0002fd,1
65930,65931,3,6,0,3,6,2,attack,spins,goldSack,gold,1,False,False,9b0002fd,1
65931,65932,4,5,1,1,1,4,coin,coin,steal,gold,1,False,False,9b0002fd,1
65933,65934,7,3,8,30,2,2,accumulation,goldSack,goldSack,gold,1,False,False,9b0002fd,1
65934,65935,3,7,8,30,2,2,accumulation,goldSack,goldSack,gold,1,False,False,9b0002fd,1
65937,65938,1,1,5,1,1,1,coin,coin,coin,gold,1,True,False,9b0002fd,1
65938,65939,4,4,4,4,4,4,steal,steal,steal,steal,4,True,False,9b0002fd,1
65939,65940,3,0,0,3,3,2,attack,attack,goldSack,gold,1,False,False,9b0002fd,1
65941,65942,1,1,1,1,1,1,coin,coin,coin,gold,1,True,False,9b0002fd,1
65942,65943,1,1,5,1,1,1,coin,coin,coin,gold,1,True,False,9b0002fd,1
65943,65944,3,7,3,2,2,2,goldSack,goldSack,goldSack,gold,1,True,False,9b0002fd,1
65944,65945,1,5,1,1,1,1,coin,coin,coin,gold,1,True,False,9b0002fd,1
65946,65947,2,2,5,1,5,5,coin,shield,shield,gold,1,False,False,9b0002fd,1
65947,65948,7,7,8,30,2,2,accumulation,goldSack,goldSack,gold,1,False,False,9b0002fd,1
65948,65949,4,5,5,1,1,4,coin,coin,steal,gold,1,False,False,9b0002fd,1
65949,65950,7,6,4,4,6,2,steal,spins,goldSack,gold,1,False,False,9b0002fd,1
65951,65952,4,4,4,4,4,4,steal,steal,steal,steal,4,True,False,9b0002fd,1
65952,65953,4,1,5,1,1,4,coin,coin,steal,gold,1,False,False,9b0002fd,1
65953,65954,2,2,2,5,5,5,shield,shield,shield,shield,3,True,True,9b0002fd,1
65954,65955,8,8,8,30,30,30,accumulation,accumulation,accumulation,gold,10,True,False,9b0002fd,1
65956,65957,7,7,8,30,2,2,accumulation,goldSack,goldSack,gold,1,False,False,9b0002fd,1
65960,65961,6,6,6,6,6,6,spins,spins,spins,spins,5,True,True,9b0002fd,1
65961,65962,2,5,0,3,1,5,attack,coin,shield,gold,1,False,False,9b0002fd,1
65962,65963,3,6,0,3,6,2,attack,spins,goldSack,gold,1,False,False,9b0002fd,1
65964,65965,0,8,8,30,30,3,accumulation,accumulation,attack,gold,6,False,False,9b0002fd,1
65966,65967,7,7,8,30,2,2,accumulation,goldSack,goldSack,gold,1,False,False,9b0002fd,1
65967,65968,0,0,0,3,3,3,attack,attack,attack,attack,2,True,False,9b0002fd,1
65968,65969,7,3,8,30,2,2,accumulation,goldSack,goldSack,gold,1,False,False,9b0002fd,1
65969,65970,3,7,3,2,2,2,goldSack,goldSack,goldSack,gold,1,True,False,9b0002fd,1
65970,65971,3,6,0,3,6,2,attack,spins,goldSack,gold,1,False,False,9b0002fd,1
65971,65972,7,6,4,4,6,2,steal,spins,goldSack,gold,1,False,False,9b0002fd,1
65972,65973,4,5,0,3,1,4,attack,coin,steal,gold,1,False,False,9b0002fd,1
65974,65975,3,3,8,30,2,2,accumulation,goldSack,goldSack,gold,1,False,False,9b0002fd,1
65977,65978,5,8,8,30,30,1,accumulation,accumulation,coin,gold,1,False,False,9b0002fd,1
65978,65979,3,3,8,30,2,2,accumulation,goldSack,goldSack,gold,1,False,False,9b0002fd,1
65979,65980,3,3,8,30,2,2,accumulation,goldSack,goldSack,gold,1,False,False,9b0002fd,1
65980,65981,7,7,8,30,2,2,accumulation,goldSack,goldSack,gold,1,False,False,9b0002fd,1
65981,65982,4,1,1,1,1,4,coin,coin,steal,gold,1,False,False,9b0002fd,1
65983,65984,3,6,0,3,6,2,attack,spins,goldSack,gold,1,False,False,9b0002fd,1
65984,65985,1,8,8,30,30,1,accumulation,accumulation,coin,gold,1,False,False,9b0002fd,1
65986,65987,3,7,8,30,2,2,accumulation,goldSack,goldSack,gold,1,False,False,9b0002fd,1
65988,65989,3,7,8,30,2,2,accumulation,goldSack,goldSack,gold,1,False,False,9b0002fd,1
65990,65991,4,4,1,1,4,4,coin,steal,steal,gold,1,False,False,9b0002fd,1
65995,65996,4,4,4,4,4,4,steal,steal,steal,steal,4,True,False,9b0002fd,1
65996,65997,3,6,0,3,6,2,attack,spins,goldSack,gold,1,False,False,9b0002fd,1
65997,65998,2,2,2,5,5,5,shield,shield,shield,shield,3,True,True,9b0002fd,1
65998,65999,1,1,1,1,1,1,coin,coin,coin,gold,1,True,False,9b0002fd,1
65999,66000,5,8,8,30,30,1,accumulation,accumulation,coin,gold,1,False,False,9b0002fd,1
66000,66001,2,2,2,5,5,5,shield,shield,shield,shield,3,True,True,9b0002fd,1
66002,66003,2,1,0,3,1,5,attack,coin,shield,gold,1,False,False,9b0002fd,1
66003,66004,0,0,0,3,3,3,attack,attack,attack,attack,2,True,False,9b0002fd,1
66008,66009,2,2,2,5,5,5,shield,shield,shield,shield,3,True,True,9b0002fd,1
66010,66011,3,7,8,30,2,2,accumulation,goldSack,goldSack,gold,1,False,False,9b0002fd,1
66011,66012,0,0,0,3,3,3,attack,attack,attack,attack,2,True,False,9b0002fd,1
66012,66013,2,1,0,3,1,5,attack,coin,shield,gold,1,False,False,9b0002fd,1
66013,66014,3,7,8,30,2,2,accumulation,goldSack,goldSack,gold,1,False,False,9b0002fd,1
66014,66015,0,0,0,3,3,3,attack,attack,attack,attack,2,True,False,9b0002fd,1
66019,66020,3,7,8,30,2,2,accumulation,goldSack,goldSack,gold,1,False,False,9b0002fd,1
66021,66022,0,0,0,3,3,3,attack,attack,attack,attack,2,True,False,9b0002fd,1
66022,66023,3,7,8,30,2,2,accumulation,goldSack,goldSack,gold,1,False,False,9b0002fd,1
66023,66024,7,7,8,30,2,2,accumulation,goldSack,goldSack,gold,1,False,False,9b0002fd,1
66024,66025,4,1,1,1,1,4,coin,coin,steal,gold,1,False,False,9b0002fd,1
66025,66026,1,8,8,30,30,1,accumulation,accumulation,coin,gold,1,False,False,9b0002fd,1
66026,66027,3,6,0,3,6,2,attack,spins,goldSack,gold,1,False,False,9b0002fd,1
66028,66029,7,3,8,30,2,2,accumulation,goldSack,goldSack,gold,1,False,False,9b0002fd,1
66029,66030,4,4,4,4,4,4,steal,steal,steal,steal,4,True,False,9b0002fd,1
66030,66031,4,1,5,1,1,4,coin,coin,steal,gold,1,False,False,9b0002fd,1
66031,66032,7,6,0,3,6,2,attack,spins,goldSack,gold,1,False,False,9b0002fd,1
66032,66033,6,6,1,1,6,6,coin,spins,spins,gold,1,False,False,9b0002fd,1
66033,66034,3,7,3,2,2,2,goldSack,goldSack,goldSack,gold,1,True,False,9b0002fd,1
66034,66035,7,6,4,4,6,2,steal,spins,goldSack,gold,1,False,False,9b0002fd,1
66035,66036,0,0,0,3,3,3,attack,attack,attack,attack,2,True,False,9b0002fd,1
66038,66039,5,8,8,30,30,1,accumulation,accumulation,coin,gold,1,False,False,9b0002fd,1
66039,66040,2,2,2,5,5,5,shield,shield,shield,shield,3,True,True,9b0002fd,1
66040,66041,7,2,0,3,5,2,attack,shield,goldSack,gold,1,False,False,9b0002fd,1
66042,66043,6,4,1,1,4,6,coin,steal,spins,gold,1,False,False,9b0002fd,1
66044,66045,0,8,8,30,30,3,accumulation,accumulation,attack,gold,6,False,False,9b0002fd,1
66045,66046,6,6,1,1,6,6,coin,spins,spins,gold,1,False,False,9b0002fd,1
66046,66047,1,8,8,30,30,1,accumulation,accumulation,coin,gold,1,False,False,9b0002fd,1
66047,66048,7,3,3,2,2,2,goldSack,goldSack,goldSack,gold,1,True,False,9b0002fd,1
66049,66050,3,7,8,30,2,2,accumulation,goldSack,goldSack,gold,1,False,False,9b0002fd,1
66050,66051,7,0,0,3,3,2,attack,attack,goldSack,gold,1,False,False,9b0002fd,1
66051,66052,6,6,5,1,6,6,coin,spins,spins,gold,1,False,False,9b0002fd,1
66053,66054,7,3,8,30,2,2,accumulation,goldSack,goldSack,gold,1,False,False,9b0002fd,1
66055,66056,3,6,0,3,6,2,attack,spins,goldSack,gold,1,False,False,9b0002fd,1
66057,66058,0,0,0,3,3,3,attack,attack,attack,attack,2,True,False,9b0002fd,1
66059,66060,3,7,8,30,2,2,accumulation,goldSack,goldSack,gold,1,False,False,9b0002fd,1
66060,66061,3,3,8,30,2,2,accumulation,goldSack,goldSack,gold,1,False,False,9b0002fd,1
66061,66062,3,2,0,3,5,2,attack,shield,goldSack,gold,1,False,False,9b0002fd,1
66062,66063,5,8,8,30,30,1,accumulation,accumulation,coin,gold,1,False,False,9b0002fd,1
66063,66064,1,5,5,1,1,1,coin,coin,coin,gold,1,True,False,9b0002fd,1
66065,66066,7,6,0,3,6,2,attack,spins,goldSack,gold,1,False,False,9b0002fd,1
66066,66067,7,3,8,30,2,2,accumulation,goldSack,goldSack,gold,1,False,False,9b0002fd,1
66067,66068,0,0,0,3,3,3,attack,attack,attack,attack,2,True,False,9b0002fd,1
66069,66070,0,0,0,3,3,3,attack,attack,attack,attack,2,True,False,9b0002fd,1
66071,66072,3,7,3,2,2,2,goldSack,goldSack,goldSack,gold,1,True,False,9b0002fd,1
66072,66073,4,4,1,1,4,4,coin,steal,steal,gold,1,False,False,9b0002fd,1
66074,66075,6,4,5,1,4,6,coin,steal,spins,gold,1,False,False,9b0002fd,1
66077,66078,2,2,2,5,5,5,shield,shield,shield,shield,3,True,True,9b0002fd,1
66078,66079,1,8,8,30,30,1,accumulation,accumulation,coin,gold,1,False,False,9b0002fd,1
66079,66080,7,3,8,30,2,2,accumulation,goldSack,goldSack,gold,1,False,False,9b0002fd,1
66080,66081,7,3,8,30,2,2,accumulation,goldSack,goldSack,gold,1,False,False,9b0002fd,1
66081,66082,4,4,4,4,4,4,steal,steal,steal,steal,4,True,False,9b0002fd,1
66083,66084,3,7,8,30,2,2,accumulation,goldSack,goldSack,gold,1,False,False,9b0002fd,1
66084,66085,7,7,8,30,2,2,accumulation,goldSack,goldSack,gold,1,False,False,9b0002fd,1
66085,66086,8,8,8,30,30,30,accumulation,accumulation,accumulation,gold,10,True,False,9b0002fd,1
66087,66088,1,1,5,1,1,1,coin,coin,coin,gold,1,True,False,9b0002fd,1
66088,66089,1,5,0,3,1,1,attack,coin,coin,gold,1,False,False,9b0002fd,1
66089,66090,2,2,2,5,5,5,shield,shield,shield,shield,3,True,True,9b0002fd,1
66090,66091,2,2,1,1,5,5,coin,shield,shield,gold,1,False,False,9b0002fd,1
66091,66092,7,7,8,30,2,2,accumulation,goldSack,goldSack,gold,1,False,False,9b0002fd,1
66092,66093,3,3,8,30,2,2,accumulation,goldSack,goldSack,gold,1,False,False,9b0002fd,1
66095,66096,5,1,5,1,1,1,coin,coin,coin,gold,1,True,False,9b0002fd,1
66096,66097,3,0,0,3,3,2,attack,attack,goldSack,gold,1,False,False,9b0002fd,1
66097,66098,3,3,3,2,2,2,goldSack,goldSack,goldSack,gold,1,True,False,9b0002fd,1
66099,66100,3,6,0,3,6,2,attack,spins,goldSack,gold,1,False,False,9b0002fd,1
66100,66101,4,4,4,4,4,4,steal,steal,steal,steal,4,True,False,9b0002fd,1
66101,66102,1,1,5,1,1,1,coin,coin,coin,gold,1,True,False,9b0002fd,1
66102,66103,0,0,0,3,3,3,attack,attack,attack,attack,2,True,False,9b0002fd,1
66103,66104,3,7,8,30,2,2,accumulation,goldSack,goldSack,gold,1,False,False,9b0002fd,1
66104,66105,0,0,0,3,3,3,attack,attack,attack,attack,2,True,False,9b0002fd,1
66105,66106,0,0,0,3,3,3,attack,attack,attack,attack,2,True,False,9b0002fd,1
66106,66107,1,8,8,30,30,1,accumulation,accumulation,coin,gold,1,False,False,9b0002fd,1
66107,66108,6,6,6,6,6,6,spins,spins,spins,spins,5,True,True,9b0002fd,1
66108,66109,1,1,0,3,1,1,attack,coin,coin,gold,1,False,False,9b0002fd,1
66111,66112,4,4,5,1,4,4,coin,steal,steal,gold,1,False,False,9b0002fd,1
66113,66114,1,8,8,30,30,1,accumulation,accumulation,coin,gold,1,False,False,9b0002fd,1
66114,66115,7,2,0,3,5,2,attack,shield,goldSack,gold,1,False,False,9b0002fd,1
66116,66117,3,3,8,30,2,2,accumulation,goldSack,goldSack,gold,1,False,False,9b0002fd,1
66120,66121,3,7,8,30,2,2,accumulation,goldSack,goldSack,gold,1,False,False,9b0002fd,1
66122,66123,3,3,8,30,2,2,accumulation,goldSack,goldSack,gold,1,False,False,9b0002fd,1
66124,66125,0,0,0,3,3,3,attack,attack,attack,attack,2,True,False,9b0002fd,1
66126,66127,7,6,0,3,6,2,attack,spins,goldSack,gold,1,False,False,9b0002fd,1
66127,66128,6,4,5,1,4,6,coin,steal,spins,gold,1,False,False,9b0002fd,1
66128,66129,6,6,5,1,6,6,coin,spins,spins,gold,1,False,False,9b0002fd,1
66130,66131,3,7,3,2,2,2,goldSack,goldSack,goldSack,gold,1,True,False,9b0002fd,1
66132,66133,6,4,1,1,4,6,coin,steal,spins,gold,1,False,False,9b0002fd,1
66133,66134,3,3,8,30,2,2,accumulation,goldSack,goldSack,gold,1,False,False,9b0002fd,1
66135,66136,2,2,2,5,5,5,shield,shield,shield,shield,3,True,True,9b0002fd,1
66137,66138,4,4,4,4,4,4,steal,steal,steal,steal,4,True,False,9b0002fd,1
66140,66141,3,3,3,2,2,2,goldSack,goldSack,goldSack,gold,1,True,False,9b0002fd,1
66141,66142,3,3,8,30,2,2,accumulation,goldSack,goldSack,gold,1,False,False,9b0002fd,1
66142,66143,1,8,8,30,30,1,accumulation,accumulation,coin,gold,1,False,False,9b0002fd,1
66143,66144,0,0,0,3,3,3,attack,attack,attack,attack,2,True,False,9b0002fd,1
66146,66147,1,1,0,3,1,1,attack,coin,coin,gold,1,False,False,9b0002fd,1
66147,66148,0,0,0,3,3,3,attack,attack,attack,attack,2,True,False,9b0002fd,1
66148,66149,1,5,5,1,1,1,coin,coin,coin,gold,1,True,False,9b0002fd,1
66151,66152,0,0,0,3,3,3,attack,attack,attack,attack,2,True,False,9b0002fd,1
66154,66155,3,7,8,30,2,2,accumulation,goldSack,goldSack,gold,1,False,False,9b0002fd,1
66155,66156,3,6,4,4,6,2,steal,spins,goldSack,gold,1,False,False,9b0002fd,1
66157,66158,7,7,8,30,2,2,accumulation,goldSack,goldSack,gold,1,False,False,9b0002fd,1
66159,66160,5,1,1,1,1,1,coin,coin,coin,gold,1,True,False,9b0002fd,1
66160,66161,7,6,4,4,6,2,steal,spins,goldSack,gold,1,False,False,9b0002fd,1
66161,66162,3,6,4,4,6,2,steal,spins,goldSack,gold,1,False,False,9b0002fd,1
66163,66164,3,7,8,30,2,2,accumulation,goldSack,goldSack,gold,1,False,False,9b0002fd,1
66164,66165,3,3,8,30,2,2,accumulation,goldSack,goldSack,gold,1,False,False,9b0002fd,1
66165,66166,8,8,8,30,30,30,accumulation,accumulation,accumulation,gold,10,True,False,9b0002fd,1
66166,66167,5,0,0,3,3,1,attack,attack,coin,gold,1,False,False,9b0002fd,1
66167,66168,3,6,4,4,6,2,steal,spins,goldSack,gold,1,False,False,9b0002fd,1
66170,66171,1,5,0,3,1,1,attack,coin,coin,gold,1,False,False,9b0002fd,1
66172,66173,7,7,8,30,2,2,accumulation,goldSack,goldSack,gold,1,False,False,9b0002fd,1
66173,66174,7,6,4,4,6,2,steal,spins,goldSack,gold,1,False,False,9b0002fd,1
66174,66175,3,7,8,30,2,2,accumulation,goldSack,goldSack,gold,1,False,False,9b0002fd,1
66176,66177,3,3,3,2,2,2,goldSack,goldSack,goldSack,gold,1,True,False,9b0002fd,1
66177,66178,5,8,8,30,30,1,accumulation,accumulation,coin,gold,1,False,False,9b0002fd,1
66179,66180,3,4,0,3,4,2,attack,steal,goldSack,gold,1,False,False,9b0002fd,1
66180,66181,7,7,8,30,2,2,accumulation,goldSack,goldSack,gold,1,False,False,9b0002fd,1
66181,66182,7,3,8,30,2,2,accumulation,goldSack,goldSack,gold,1,False,False,9b0002fd,1
66182,66183,1,8,8,30,30,1,accumulation,accumulation,coin,gold,1,False,False,9b0002fd,1
66183,66184,4,4,4,4,4,4,steal,steal,steal,steal,4,True,False,9b0002fd,1
66185,66186,7,6,4,4,6,2,steal,spins,goldSack,gold,1,False,False,9b0002fd,1
66186,66187,2,2,2,5,5,5,shield,shield,shield,shield,3,True,True,9b0002fd,1
66187,66188,7,3,2,5,2,2,shield,goldSack,goldSack,gold,1,False,False,9b0002fd,1
66188,66189,1,5,0,3,1,1,attack,coin,coin,gold,1,False,False,9b0002fd,1
66189,66190,2,2,2,5,5,5,shield,shield,shield,shield,3,True,True,9b0002fd,1
66190,66191,4,4,1,1,4,4,coin,steal,steal,gold,1,False,False,9b0002fd,1
66191,66192,2,2,2,5,5,5,shield,shield,shield,shield,3,True,True,9b0002fd,1
66192,66193,2,2,5,1,5,5,coin,shield,shield,gold,1,False,False,9b0002fd,1
66193,66194,7,7,8,30,2,2,accumulation,goldSack,goldSack,gold,1,False,False,9b0002fd,1
66194,66195,7,3,8,30,2,2,accumulation,goldSack,goldSack,gold,1,False,False,9b0002fd,1
66198,66199,4,4,4,4,4,4,steal,steal,steal,steal,4,True,False,9b0002fd,1
66199,66200,0,0,0,3,3,3,attack,attack,attack,attack,2,True,False,9b0002fd,1
66201,66202,7,3,8,30,2,2,accumulation,goldSack,goldSack,gold,1,False,False,9b0002fd,1
66202,66203,5,1,0,3,1,1,attack,coin,coin,gold,1,False,False,9b0002fd,1
66205,66206,7,2,0,3,5,2,attack,shield,goldSack,gold,1,False,False,9b0002fd,1
66206,66207,3,3,8,30,2,2,accumulation,goldSack,goldSack,gold,1,False,False,9b0002fd,1
66207,66208,1,5,0,3,1,1,attack,coin,coin,gold,1,False,False,9b0002fd,1
66212,66213,6,6,6,6,6,6,spins,spins,spins,spins,5,True,True,9b0002fd,1
66213,66214,3,4,0,3,4,2,attack,steal,goldSack,gold,1,False,False,9b0002fd,1
66214,66215,7,3,8,30,2,2,accumulation,goldSack,goldSack,gold,1,False,False,9b0002fd,1
66216,66217,2,1,0,3,1,5,attack,coin,shield,gold,1,False,False,9b0002fd,1
66217,66218,1,1,0,3,1,1,attack,coin,coin,gold,1,False,False,9b0002fd,1
66218,66219,4,4,4,4,4,4,steal,steal,steal,steal,4,True,False,9b0002fd,1
66219,66220,7,2,0,3,5,2,attack,shield,goldSack,gold,1,False,False,9b0002fd,1
66221,66222,3,3,8,30,2,2,accumulation,goldSack,goldSack,gold,1,False,False,9b0002fd,1
66222,66223,1,8,8,30,30,1,accumulation,accumulation,coin,gold,1,False,False,9b0002fd,1
66223,66224,1,8,8,30,30,1,accumulation,accumulation,coin,gold,1,False,False,9b0002fd,1
66224,66225,7,6,4,4,6,2,steal,spins,goldSack,gold,1,False,False,9b0002fd,1
66225,66226,0,0,0,3,3,3,attack,attack,attack,attack,2,True,False,9b0002fd,1
66226,66227,0,0,0,3,3,3,attack,attack,attack,attack,2,True,False,9b0002fd,1
66227,66228,5,1,5,1,1,1,coin,coin,coin,gold,1,True,False,9b0002fd,1
66229,66230,5,8,8,30,30,1,accumulation,accumulation,coin,gold,1,False,False,9b0002fd,1
66230,66231,3,3,3,2,2,2,goldSack,goldSack,goldSack,gold,1,True,False,9b0002fd,1
66232,66233,3,3,8,30,2,2,accumulation,goldSack,goldSack,gold,1,False,False,9b0002fd,1
66233,66234,6,6,6,6,6,6,spins,spins,spins,spins,5,True,True,9b0002fd,1
66234,66235,2,2,2,5,5,5,shield,shield,shield,shield,3,True,True,9b0002fd,1
66236,66237,3,6,4,4,6,2,steal,spins,goldSack,gold,1,False,False,9b0002fd,1
66237,66238,6,6,1,1,6,6,coin,spins,spins,gold,1,False,False,9b0002fd,1
66239,66240,7,0,0,3,3,2,attack,attack,goldSack,gold,1,False,False,9b0002fd,1
66240,66241,3,7,8,30,2,2,accumulation,goldSack,goldSack,gold,1,False,False,9b0002fd,1
66241,66242,3,7,8,30,2,2,accumulation,goldSack,goldSack,gold,1,False,False,9b0002fd,1
66242,66243,6,4,1,1,4,6,coin,steal,spins,gold,1,False,False,9b0002fd,1
66245,66246,3,7,8,30,2,2,accumulation,goldSack,goldSack,gold,1,False,False,9b0002fd,1
66252,66253,7,7,8,30,2,2,accumulation,goldSack,goldSack,gold,1,False,False,9b0002fd,1
66254,66255,1,1,0,3,1,1,attack,coin,coin,gold,1,False,False,9b0002fd,1
66256,66257,5,8,8,30,30,1,accumulation,accumulation,coin,gold,1,False,False,9b0002fd,1
66258,66259,1,5,5,1,1,1,coin,coin,coin,gold,1,True,False,9b0002fd,1
66260,66261,1,5,5,1,1,1,coin,coin,coin,gold,1,True,False,9b0002fd,1
66262,66263,7,0,0,3,3,2,attack,attack,goldSack,gold,1,False,False,9b0002fd,1
66263,66264,3,3,8,30,2,2,accumulation,goldSack,goldSack,gold,1,False,False,9b0002fd,1
66265,66266,6,4,5,1,4,6,coin,steal,spins,gold,1,False,False,9b0002fd,1
66266,66267,2,2,2,5,5,5,shield,shield,shield,shield,3,True,True,9b0002fd,1
66267,66268,0,0,0,3,3,3,attack,attack,attack,attack,2,True,False,9b0002fd,1
66268,66269,7,3,8,30,2,2,accumulation,goldSack,goldSack,gold,1,False,False,9b0002fd,1
66269,66270,7,7,3,2,2,2,goldSack,goldSack,goldSack,gold,1,True,False,9b0002fd,1
66270,66271,0,0,0,3,3,3,attack,attack,attack,attack,2,True,False,9b0002fd,1
66271,66272,5,8,8,30,30,1,accumulation,accumulation,coin,gold,1,False,False,9b0002fd,1
66272,66273,5,8,8,30,30,1,accumulation,accumulation,coin,gold,1,False,False,9b0002fd,1
66273,66274,4,4,4,4,4,4,steal,steal,steal,steal,4,True,False,9b0002fd,1
66274,66275,7,0,0,3,3,2,attack,attack,goldSack,gold,1,False,False,9b0002fd,1
66275,66276,7,7,8,30,2,2,accumulation,goldSack,goldSack,gold,1,False,False,9b0002fd,1
66276,66277,0,0,0,3,3,3,attack,attack,attack,attack,2,True,False,9b0002fd,1
66279,66280,3,7,8,30,2,2,accumulation,goldSack,goldSack,gold,1,False,False,9b0002fd,1
66282,66283,3,3,8,30,2,2,accumulation,goldSack,goldSack,gold,1,False,False,9b0002fd,1
66283,66284,1,8,8,30,30,1,accumulation,accumulation,coin,gold,1,False,False,9b0002fd,1
66287,66288,4,4,4,4,4,4,steal,steal,steal,steal,4,True,False,9b0002fd,1
66288,66289,2,2,2,5,5,5,shield,shield,shield,shield,3,True,True,9b0002fd,1
66290,66291,7,0,0,3,3,2,attack,attack,goldSack,gold,1,False,False,9b0002fd,1
66293,66294,7,6,4,4,6,2,steal,spins,goldSack,gold,1,False,False,9b0002fd,1
66294,66295,4,1,0,3,1,4,attack,coin,steal,gold,1,False,False,9b0002fd,1
66295,66296,3,6,4,4,6,2,steal,spins,goldSack,gold,1,False,False,9b0002fd,1
66296,66297,8,8,8,30,30,30,accumulation,accumulation,accumulation,gold,10,True,False,9b0002fd,1
66297,66298,3,7,8,30,2,2,accumulation,goldSack,goldSack,gold,1,False,False,9b0002fd,1
66300,66301,4,4,5,1,4,4,coin,steal,steal,gold,1,False,False,9b0002fd,1
66302,66303,3,6,4,4,6,2,steal,spins,goldSack,gold,1,False,False,9b0002fd,1
66303,66304,4,1,0,3,1,4,attack,coin,steal,gold,1,False,False,9b0002fd,1
66304,66305,6,6,6,6,6,6,spins,spins,spins,spins,5,True,True,9b0002fd,1
66307,66308,2,2,2,5,5,5,shield,shield,shield,shield,3,True,True,9b0002fd,1
66310,66311,4,4,1,1,4,4,coin,steal,steal,gold,1,False,False,9b0002fd,1
66311,66312,1,8,8,30,30,1,accumulation,accumulation,coin,gold,1,False,False,9b0002fd,1
66312,66313,3,3,8,30,2,2,accumulation,goldSack,goldSack,gold,1,False,False,9b0002fd,1
66316,66317,0,0,0,3,3,3,attack,attack,attack,attack,2,True,False,9b0002fd,1
66317,66318,3,7,8,30,2,2,accumulation,goldSack,goldSack,gold,1,False,False,9b0002fd,1
66319,66320,3,3,8,30,2,2,accumulation,goldSack,goldSack,gold,1,False,False,9b0002fd,1
66320,66321,0,0,0,3,3,3,attack,attack,attack,attack,2,True,False,9b0002fd,1
66321,66322,7,3,8,30,2,2,accumulation,goldSack,goldSack,gold,1,False,False,9b0002fd,1
66323,66324,4,4,4,4,4,4,steal,steal,steal,steal,4,True,False,9b0002fd,1
66324,66325,2,2,2,5,5,5,shield,shield,shield,shield,3,True,True,9b0002fd,1
66325,66326,5,8,8,30,30,1,accumulation,accumulation,coin,gold,1,False,False,9b0002fd,1
66328,66329,3,7,8,30,2,2,accumulation,goldSack,goldSack,gold,1,False,False,9b0002fd,1
66329,66330,4,1,0,3,1,4,attack,coin,steal,gold,1,False,False,9b0002fd,1
66331,66332,3,7,8,30,2,2,accumulation,goldSack,goldSack,gold,1,False,False,9b0002fd,1
66332,66333,0,0,0,3,3,3,attack,attack,attack,attack,2,True,False,9b0002fd,1
66336,66337,7,3,2,5,2,2,shield,goldSack,goldSack,gold,1,False,False,9b0002fd,1
66337,66338,0,0,0,3,3,3,attack,attack,attack,attack,2,True,False,9b0002fd,1
66338,66339,7,7,3,2,2,2,goldSack,goldSack,goldSack,gold,1,True,False,9b0002fd,1
66339,66340,3,7,7,2,2,2,goldSack,goldSack,goldSack,gold,1,True,False,9b0002fd,1
66343,66344,7,3,8,30,2,2,accumulation,goldSack,goldSack,gold,1,False,False,9b0002fd,1
66347,66348,7,7,7,2,2,2,goldSack,goldSack,goldSack,gold,1,True,False,9b0002fd,1
66348,66349,1,5,0,3,1,1,attack,coin,coin,gold,1,False,False,9b0002fd,1
66349,66350,3,7,8,30,2,2,accumulation,goldSack,goldSack,gold,1,False,False,9b0002fd,1
66350,66351,2,2,2,5,5,5,shield,shield,shield,shield,3,True,True,9b0002fd,1
66351,66352,0,0,0,3,3,3,attack,attack,attack,attack,2,True,False,9b0002fd,1
66352,66353,7,2,0,3,5,2,attack,shield,goldSack,gold,1,False,False,9b0002fd,1
66354,66355,7,0,0,3,3,2,attack,attack,goldSack,gold,1,False,False,9b0002fd,1
66358,66359,5,1,1,1,1,1,coin,coin,coin,gold,1,True,False,9b0002fd,1
66359,66360,3,8,8,30,30,2,accumulation,accumulation,goldSack,gold,1,False,False,9b0002fd,1
66360,66361,4,5,1,1,1,4,coin,coin,steal,gold,1,False,False,9b0002fd,1
66361,66362,7,7,8,30,2,2,accumulation,goldSack,goldSack,gold,1,False,False,9b0002fd,1
66362,66363,2,2,2,5,5,5,shield,shield,shield,shield,3,True,True,9b0002fd,1
66363,66364,0,0,0,3,3,3,attack,attack,attack,attack,2,True,False,9b0002fd,1
66364,66365,3,7,8,30,2,2,accumulation,goldSack,goldSack,gold,1,False,False,9b0002fd,1
66366,66367,3,3,2,5,2,2,shield,goldSack,goldSack,gold,1,False,False,9b0002fd,1
66368,66369,7,0,0,3,3,2,attack,attack,goldSack,gold,1,False,False,9b0002fd,1
66370,66371,2,2,2,5,5,5,shield,shield,shield,shield,3,True,True,9b0002fd,1
66371,66372,7,3,8,30,2,2,accumulation,goldSack,goldSack,gold,1,False,False,9b0002fd,1
66372,66373,3,7,8,30,2,2,accumulation,goldSack,goldSack,gold,1,False,False,9b0002fd,1
66373,66374,6,4,5,1,4,6,coin,steal,spins,gold,1,False,False,9b0002fd,1
66374,66375,7,7,8,30,2,2,accumulation,goldSack,goldSack,gold,1,False,False,9b0002fd,1
66377,66378,7,2,0,3,5,2,attack,shield,goldSack,gold,1,False,False,9b0002fd,1
66378,66379,0,0,0,3,3,3,attack,attack,attack,attack,2,True,False,9b0002fd,1
66379,66380,3,7,8,30,2,2,accumulation,goldSack,goldSack,gold,1,False,False,9b0002fd,1
66380,66381,0,8,8,30,30,3,accumulation,accumulation,attack,gold,6,False,False,9b0002fd,1
66381,66382,3,3,8,30,2,2,accumulation,goldSack,goldSack,gold,1,False,False,9b0002fd,1
66383,66384,3,3,8,30,2,2,accumulation,goldSack,goldSack,gold,1,False,False,9b0002fd,1
66384,66385,3,7,8,30,2,2,accumulation,goldSack,goldSack,gold,1,False,False,9b0002fd,1
66385,66386,5,5,0,3,1,1,attack,coin,coin,gold,1,False,False,9b0002fd,1
66386,66387,7,7,8,30,2,2,accumulation,goldSack,goldSack,gold,1,False,False,9b0002fd,1
66388,66389,6,6,6,6,6,6,spins,spins,spins,spins,5,True,True,9b0002fd,1
66389,66390,6,6,5,1,6,6,coin,spins,spins,gold,1,False,False,9b0002fd,1
66390,66391,6,4,5,1,4,6,coin,steal,spins,gold,1,False,False,9b0002fd,1
66396,66397,6,4,1,1,4,6,coin,steal,spins,gold,1,False,False,9b0002fd,1
66397,66398,7,8,8,30,30,2,accumulation,accumulation,goldSack,gold,1,False,False,9b0002fd,1
66400,66401,6,4,5,1,4,6,coin,steal,spins,gold,1,False,False,9b0002fd,1
66402,66403,6,4,1,1,4,6,coin,steal,spins,gold,1,False,False,9b0002fd,1
66403,66404,6,4,1,1,4,6,coin,steal,spins,gold,1,False,False,9b0002fd,1
66404,66405,3,8,8,30,30,2,accumulation,accumulation,goldSack,gold,1,False,False,9b0002fd,1
66405,66406,4,4,4,4,4,4,steal,steal,steal,steal,4,True,False,9b0002fd,1
66406,66407,3,0,0,3,3,2,attack,attack,goldSack,gold,1,False,False,9b0002fd,1
66408,66409,3,7,8,30,2,2,accumulation,goldSack,goldSack,gold,1,False,False,9b0002fd,1
66409,66410,4,4,4,4,4,4,steal,steal,steal,steal,4,True,False,9b0002fd,1
66411,66412,7,4,4,4,4,2,steal,steal,goldSack,gold,1,False,False,9b0002fd,1
66412,66413,3,3,7,2,2,2,goldSack,goldSack,goldSack,gold,1,True,False,9b0002fd,1
66415,66416,7,4,4,4,4,2,steal,steal,goldSack,gold,1,False,False,9b0002fd,1
66416,66417,8,8,8,30,30,30,accumulation,accumulation,accumulation,gold,10,True,False,9b0002fd,1
66417,66418,5,1,1,1,1,1,coin,coin,coin,gold,1,True,False,9b0002fd,1
66420,66421,7,0,0,3,3,2,attack,attack,goldSack,gold,1,False,False,9b0002fd,1
66421,66422,4,4,4,4,4,4,steal,steal,steal,steal,4,True,False,9b0002fd,1
66422,66423,5,1,0,3,1,1,attack,coin,coin,gold,1,False,False,9b0002fd,1
66424,66425,3,3,8,30,2,2,accumulation,goldSack,goldSack,gold,1,False,False,9b0002fd,1
66425,66426,7,3,8,30,2,2,accumulation,goldSack,goldSack,gold,1,False,False,9b0002fd,1
66426,66427,0,8,8,30,30,3,accumulation,accumulation,attack,gold,6,False,False,9b0002fd,1
66428,66429,0,0,0,3,3,3,attack,attack,attack,attack,2,True,False,9b0002fd,1
66429,66430,3,2,0,3,5,2,attack,shield,goldSack,gold,1,False,False,9b0002fd,1
66430,66431,0,0,0,3,3,3,attack,attack,attack,attack,2,True,False,9b0002fd,1
66433,66434,7,8,8,30,30,2,accumulation,accumulation,goldSack,gold,1,False,False,9b0002fd,1
66434,66435,6,6,5,1,6,6,coin,spins,spins,gold,1,False,False,9b0002fd,1
66435,66436,3,3,8,30,2,2,accumulation,goldSack,goldSack,gold,1,False,False,9b0002fd,1
66436,66437,0,0,0,3,3,3,attack,attack,attack,attack,2,True,False,9b0002fd,1
66437,66438,2,2,2,5,5,5,shield,shield,shield,shield,3,True,True,9b0002fd,1
66439,66440,4,1,5,1,1,4,coin,coin,steal,gold,1,False,False,9b0002fd,1
66440,66441,5,5,1,1,1,1,coin,coin,coin,gold,1,True,False,9b0002fd,1
66441,66442,3,6,0,3,6,2,attack,spins,goldSack,gold,1,False,False,9b0002fd,1
66443,66444,1,1,1,1,1,1,coin,coin,coin,gold,1,True,False,9b0002fd,1
66444,66445,7,3,8,30,2,2,accumulation,goldSack,goldSack,gold,1,False,False,9b0002fd,1
66445,66446,7,4,0,3,4,2,attack,steal,goldSack,gold,1,False,False,9b0002fd,1
66446,66447,5,0,0,3,3,1,attack,attack,coin,gold,1,False,False,9b0002fd,1
66451,66452,7,7,3,2,2,2,goldSack,goldSack,goldSack,gold,1,True,False,9b0002fd,1
66452,66453,1,0,0,3,3,1,attack,attack,coin,gold,1,False,False,9b0002fd,1
66453,66454,4,4,5,1,4,4,coin,steal,steal,gold,1,False,False,9b0002fd,1
66455,66456,3,4,0,3,4,2,attack,steal,goldSack,gold,1,False,False,9b0002fd,1
66459,66460,4,4,4,4,4,4,steal,steal,steal,steal,4,True,False,9b0002fd,1
66460,66461,6,4,1,1,4,6,coin,steal,spins,gold,1,False,False,9b0002fd,1
66461,66462,2,2,2,5,5,5,shield,shield,shield,shield,3,True,True,9b0002fd,1
66463,66464,7,6,0,3,6,2,attack,spins,goldSack,gold,1,False,False,9b0002fd,1
66464,66465,1,8,8,30,30,1,accumulation,accumulation,coin,gold,1,False,False,9b0002fd,1
66465,66466,0,0,0,3,3,3,attack,attack,attack,attack,2,True,False,9b0002fd,1
66466,66467,7,7,8,30,2,2,accumulation,goldSack,goldSack,gold,1,False,False,9b0002fd,1
66467,66468,3,3,8,30,2,2,accumulation,goldSack,goldSack,gold,1,False,False,9b0002fd,1
66469,66470,7,7,8,30,2,2,accumulation,goldSack,goldSack,gold,1,False,False,9b0002fd,1
66470,66471,4,5,5,1,1,4,coin,coin,steal,gold,1,False,False,9b0002fd,1
66471,66472,6,6,6,6,6,6,spins,spins,spins,spins,5,True,True,9b0002fd,1
66472,66473,1,8,8,30,30,1,accumulation,accumulation,coin,gold,1,False,False,9b0002fd,1
66473,66474,3,3,8,30,2,2,accumulation,goldSack,goldSack,gold,1,False,False,9b0002fd,1
66474,66475,7,7,8,30,2,2,accumulation,goldSack,goldSack,gold,1,False,False,9b0002fd,1
66475,66476,3,3,8,30,2,2,accumulation,goldSack,goldSack,gold,1,False,False,9b0002fd,1
66476,66477,3,3,8,30,2,2,accumulation,goldSack,goldSack,gold,1,False,False,9b0002fd,1
66479,66480,7,6,0,3,6,2,attack,spins,goldSack,gold,1,False,False,9b0002fd,1
66481,66482,7,3,8,30,2,2,accumulation,goldSack,goldSack,gold,1,False,False,9b0002fd,1
66482,66483,4,5,1,1,1,4,coin,coin,steal,gold,1,False,False,9b0002fd,1
66483,66484,2,2,2,5,5,5,shield,shield,shield,shield,3,True,True,9b0002fd,1
66486,66487,2,2,2,5,5,5,shield,shield,shield,shield,3,True,True,9b0002fd,1
66488,66489,7,7,3,2,2,2,goldSack,goldSack,goldSack,gold,1,True,False,9b0002fd,1
66489,66490,2,2,1,1,5,5,coin,shield,shield,gold,1,False,False,9b0002fd,1
66490,66491,4,4,4,4,4,4,steal,steal,steal,steal,4,True,False,9b0002fd,1
66491,66492,1,8,8,30,30,1,accumulation,accumulation,coin,gold,1,False,False,9b0002fd,1
66492,66493,5,1,1,1,1,1,coin,coin,coin,gold,1,True,False,9b0002fd,1
66493,66494,7,7,8,30,2,2,accumulation,goldSack,goldSack,gold,1,False,False,9b0002fd,1
66494,66495,1,8,8,30,30,1,accumulation,accumulation,coin,gold,1,False,False,9b0002fd,1
66495,66496,0,0,0,3,3,3,attack,attack,attack,attack,2,True,False,9b0002fd,1
66499,66500,1,8,8,30,30,1,accumulation,accumulation,coin,gold,1,False,False,9b0002fd,1
66500,66501,3,7,2,5,2,2,shield,goldSack,goldSack,gold,1,False,False,9b0002fd,1
66501,66502,7,7,8,30,2,2,accumulation,goldSack,goldSack,gold,1,False,False,9b0002fd,1
66503,66504,0,0,0,3,3,3,attack,attack,attack,attack,2,True,False,9b0002fd,1
66504,66505,0,0,0,3,3,3,attack,attack,attack,attack,2,True,False,9b0002fd,1
66508,66509,2,4,5,1,4,5,coin,steal,shield,gold,1,False,False,9b0002fd,1
66509,66510,2,2,2,5,5,5,shield,shield,shield,shield,3,True,True,9b0002fd,1
66510,66511,3,3,8,30,2,2,accumulation,goldSack,goldSack,gold,1,False,False,9b0002fd,1
66511,66512,5,8,8,30,30,1,accumulation,accumulation,coin,gold,1,False,False,9b0002fd,1
66514,66515,0,0,0,3,3,3,attack,attack,attack,attack,2,True,False,9b0002fd,1
66515,66516,3,3,8,30,2,2,accumulation,goldSack,goldSack,gold,1,False,False,9b0002fd,1
66516,66517,2,4,5,1,4,5,coin,steal,shield,gold,1,False,False,9b0002fd,1
66518,66519,3,6,0,3,6,2,attack,spins,goldSack,gold,1,False,False,9b0002fd,1
66520,66521,3,7,8,30,2,2,accumulation,goldSack,goldSack,gold,1,False,False,9b0002fd,1
66521,66522,8,8,8,30,30,30,accumulation,accumulation,accumulation,gold,10,True,False,9b0002fd,1
66522,66523,4,4,4,4,4,4,steal,steal,steal,steal,4,True,False,9b0002fd,1
66525,66526,3,7,8,30,2,2,accumulation,goldSack,goldSack,gold,1,False,False,9b0002fd,1
66527,66528,2,2,2,5,5,5,shield,shield,shield,shield,3,True,True,9b0002fd,1
66528,66529,3,6,0,3,6,2,attack,spins,goldSack,gold,1,False,False,9b0002fd,1
66529,66530,3,7,8,30,2,2,accumulation,goldSack,goldSack,gold,1,False,False,9b0002fd,1
66531,66532,4,5,5,1,1,4,coin,coin,steal,gold,1,False,False,9b0002fd,1
66532,66533,0,0,0,3,3,3,attack,attack,attack,attack,2,True,False,9b0002fd,1
66533,66534,0,0,0,3,3,3,attack,attack,attack,attack,2,True,False,9b0002fd,1
66534,66535,6,6,5,1,6,6,coin,spins,spins,gold,1,False,False,9b0002fd,1
66536,66537,6,6,1,1,6,6,coin,spins,spins,gold,1,False,False,9b0002fd,1
66539,66540,2,5,0,3,1,5,attack,coin,shield,gold,1,False,False,9b0002fd,1
66541,66542,3,7,7,2,2,2,goldSack,goldSack,goldSack,gold,1,True,False,9b0002fd,1
66542,66543,1,8,8,30,30,1,accumulation,accumulation,coin,gold,1,False,False,9b0002fd,1
66544,66545,0,0,0,3,3,3,attack,attack,attack,attack,2,True,False,9b0002fd,1
66545,66546,6,6,6,6,6,6,spins,spins,spins,spins,5,True,True,9b0002fd,1
66546,66547,0,0,0,3,3,3,attack,attack,attack,attack,2,True,False,9b0002fd,1
66547,66548,0,0,0,3,3,3,attack,attack,attack,attack,2,True,False,9b0002fd,1
66548,66549,1,8,8,30,30,1,accumulation,accumulation,coin,gold,1,False,False,9b0002fd,1
66549,66550,7,7,8,30,2,2,accumulation,goldSack,goldSack,gold,1,False,False,9b0002fd,1
66551,66552,7,3,3,2,2,2,goldSack,goldSack,goldSack,gold,1,True,False,9b0002fd,1
66552,66553,0,0,0,3,3,3,attack,attack,attack,attack,2,True,False,9b0002fd,1
66553,66554,5,5,0,3,1,1,attack,coin,coin,gold,1,False,False,9b0002fd,1
66554,66555,3,3,8,30,2,2,accumulation,goldSack,goldSack,gold,1,False,False,9b0002fd,1
66556,66557,4,4,4,4,4,4,steal,steal,steal,steal,4,True,False,9b0002fd,1
66557,66558,2,2,2,5,5,5,shield,shield,shield,shield,3,True,True,9b0002fd,1
66558,66559,1,1,5,1,1,1,coin,coin,coin,gold,1,True,False,9b0002fd,1
66561,66562,5,5,0,3,1,1,attack,coin,coin,gold,1,False,False,9b0002fd,1
66562,66563,5,8,8,30,30,1,accumulation,accumulation,coin,gold,1,False,False,9b0002fd,1
66564,66565,7,3,3,2,2,2,goldSack,goldSack,goldSack,gold,1,True,False,9b0002fd,1
66565,66566,7,6,4,4,6,2,steal,spins,goldSack,gold,1,False,False,9b0002fd,1
66566,66567,8,8,8,30,30,30,accumulation,accumulation,accumulation,gold,10,True,False,9b0002fd,1
66567,66568,0,0,0,3,3,3,attack,attack,attack,attack,2,True,False,9b0002fd,1
66572,66573,5,8,8,30,30,1,accumulation,accumulation,coin,gold,1,False,False,9b0002fd,1
66573,66574,7,3,8,30,2,2,accumulation,goldSack,goldSack,gold,1,False,False,9b0002fd,1
66576,66577,1,1,5,1,1,1,coin,coin,coin,gold,1,True,False,9b0002fd,1
66577,66578,6,4,5,1,4,6,coin,steal,spins,gold,1,False,False,9b0002fd,1
66580,66581,7,0,0,3,3,2,attack,attack,goldSack,gold,1,False,False,9b0002fd,1
66582,66583,7,3,8,30,2,2,accumulation,goldSack,goldSack,gold,1,False,False,9b0002fd,1
66584,66585,2,2,1,1,5,5,coin,shield,shield,gold,1,False,False,9b0002fd,1
66587,66588,3,3,8,30,2,2,accumulation,goldSack,goldSack,gold,1,False,False,9b0002fd,1
66588,66589,5,8,8,30,30,1,accumulation,accumulation,coin,gold,1,False,False,9b0002fd,15
66590,66591,3,6,0,3,6,2,attack,spins,goldSack,gold,1,False,False,9b0002fd,15
66591,66592,0,0,0,3,3,3,attack,attack,attack,attack,2,True,False,9b0002fd,15
66592,66593,7,3,8,30,2,2,accumulation,goldSack,goldSack,gold,1,False,False,9b0002fd,15
66593,66594,6,6,5,1,6,6,coin,spins,spins,gold,1,False,False,9b0002fd,15
66594,66595,7,0,0,3,3,2,attack,attack,goldSack,gold,1,False,False,9b0002fd,15
66595,66596,1,8,8,30,30,1,accumulation,accumulation,coin,gold,1,False,False,9b0002fd,15
66596,66597,0,0,0,3,3,3,attack,attack,attack,attack,2,True,False,9b0002fd,15
66597,66598,6,1,1,1,1,6,coin,coin,spins,gold,1,False,False,9b0002fd,15
66599,66600,6,4,1,1,4,6,coin,steal,spins,gold,1,False,False,9b0002fd,15
66600,66601,3,7,8,30,2,2,accumulation,goldSack,goldSack,gold,1,False,False,9b0002fd,15
66601,66602,3,4,0,3,4,2,attack,steal,goldSack,gold,1,False,False,9b0002fd,15
66603,66604,4,4,4,4,4,4,steal,steal,steal,steal,4,True,False,9b0002fd,15
66604,66605,5,8,8,30,30,1,accumulation,accumulation,coin,gold,1,False,False,9b0002fd,15
66605,66606,6,1,5,1,1,6,coin,coin,spins,gold,1,False,False,9b0002fd,15
66608,66609,7,0,0,3,3,2,attack,attack,goldSack,gold,1,False,False,9b0002fd,15
66609,66610,1,8,8,30,30,1,accumulation,accumulation,coin,gold,1,False,False,9b0002fd,15
66611,66612,3,7,8,30,2,2,accumulation,goldSack,goldSack,gold,1,False,False,9b0002fd,15
66613,66614,6,1,5,1,1,6,coin,coin,spins,gold,1,False,False,9b0002fd,15
66614,66615,0,8,8,30,30,3,accumulation,accumulation,attack,gold,6,False,False,9b0002fd,15
66616,66617,3,3,8,30,2,2,accumulation,goldSack,goldSack,gold,1,False,False,9b0002fd,15
66617,66618,3,3,8,30,2,2,accumulation,goldSack,goldSack,gold,1,False,False,9b0002fd,15
66619,66620,0,0,0,3,3,3,attack,attack,attack,attack,2,True,False,9b0002fd,15
66622,66623,0,0,0,3,3,3,attack,attack,attack,attack,2,True,False,9b0002fd,15
66623,66624,6,6,6,6,6,6,spins,spins,spins,spins,5,True,True,9b0002fd,15
66624,66625,0,0,0,3,3,3,attack,attack,attack,attack,2,True,False,9b0002fd,15
66626,66627,1,8,8,30,30,1,accumulation,accumulation,coin,gold,1,False,False,9b0002fd,15
66627,66628,4,4,4,4,4,4,steal,steal,steal,steal,4,True,False,9b0002fd,15
66631,66632,0,0,0,3,3,3,attack,attack,attack,attack,2,True,False,9b0002fd,15
66632,66633,3,4,0,3,4,2,attack,steal,goldSack,gold,1,False,False,9b0002fd,15
66634,66635,8,8,8,30,30,30,accumulation,accumulation,accumulation,gold,10,True,False,9b0002fd,15
66635,66636,6,4,5,1,4,6,coin,steal,spins,gold,1,False,False,9b0002fd,15
66636,66637,3,4,0,3,4,2,attack,steal,goldSack,gold,1,False,False,9b0002fd,15
66637,66638,0,0,0,3,3,3,attack,attack,attack,attack,2,True,False,9b0002fd,15
66640,66641,4,4,5,1,4,4,coin,steal,steal,gold,1,False,False,9b0002fd,15
66643,66644,6,1,5,1,1,6,coin,coin,spins,gold,1,False,False,9b0002fd,15
66646,66647,7,7,8,30,2,2,accumulation,goldSack,goldSack,gold,1,False,False,9b0002fd,15
66647,66648,2,5,0,3,1,5,attack,coin,shield,gold,1,False,False,9b0002fd,15
66651,66652,2,1,0,3,1,5,attack,coin,shield,gold,1,False,False,9b0002fd,15
66654,66655,2,2,2,5,5,5,shield,shield,shield,shield,3,True,True,9b0002fd,15
66657,66658,7,7,8,30,2,2,accumulation,goldSack,goldSack,gold,1,False,False,9b0002fd,15
66658,66659,7,3,3,2,2,2,goldSack,goldSack,goldSack,gold,1,True,False,9b0002fd,15
66659,66660,4,4,5,1,4,4,coin,steal,steal,gold,1,False,False,9b0002fd,15
66660,66661,1,1,5,1,1,1,coin,coin,coin,gold,1,True,False,9b0002fd,15
66662,66663,3,3,8,30,2,2,accumulation,goldSack,goldSack,gold,1,False,False,9b0002fd,15
66664,66665,4,4,4,4,4,4,steal,steal,steal,steal,4,True,False,9b0002fd,15
66666,66667,3,3,3,2,2,2,goldSack,goldSack,goldSack,gold,1,True,False,9b0002fd,15
66667,66668,2,2,2,5,5,5,shield,shield,shield,shield,3,True,True,9b0002fd,15
66668,66669,6,5,1,1,1,6,coin,coin,spins,gold,1,False,False,9b0002fd,15
66670,66671,3,7,8,30,2,2,accumulation,goldSack,goldSack,gold,1,False,False,9b0002fd,15
66671,66672,6,1,5,1,1,6,coin,coin,spins,gold,1,False,False,9b0002fd,15
66672,66673,7,7,8,30,2,2,accumulation,goldSack,goldSack,gold,1,False,False,9b0002fd,15
66673,66674,3,4,0,3,4,2,attack,steal,goldSack,gold,1,False,False,9b0002fd,15
66674,66675,2,2,2,5,5,5,shield,shield,shield,shield,3,True,True,9b0002fd,15
66675,66676,7,4,0,3,4,2,attack,steal,goldSack,gold,1,False,False,9b0002fd,15
66676,66677,3,3,3,2,2,2,goldSack,goldSack,goldSack,gold,1,True,False,9b0002fd,15
66678,66679,3,3,7,2,2,2,goldSack,goldSack,goldSack,gold,1,True,False,9b0002fd,15
66679,66680,5,5,1,1,1,1,coin,coin,coin,gold,1,True,False,9b0002fd,15
66680,66681,3,3,8,30,2,2,accumulation,goldSack,goldSack,gold,1,False,False,9b0002fd,15
66681,66682,3,7,8,30,2,2,accumulation,goldSack,goldSack,gold,1,False,False,9b0002fd,15
66682,66683,6,4,1,1,4,6,coin,steal,spins,gold,1,False,False,9b0002fd,15
66683,66684,3,7,8,30,2,2,accumulation,goldSack,goldSack,gold,1,False,False,9b0002fd,15
66684,66685,7,7,8,30,2,2,accumulation,goldSack,goldSack,gold,1,False,False,9b0002fd,15
66685,66686,3,3,8,30,2,2,accumulation,goldSack,goldSack,gold,1,False,False,9b0002fd,15
66686,66687,3,3,8,30,2,2,accumulation,goldSack,goldSack,gold,1,False,False,9b0002fd,15
66687,66688,2,2,2,5,5,5,shield,shield,shield,shield,3,True,True,9b0002fd,15
66691,66692,6,4,1,1,4,6,coin,steal,spins,gold,1,False,False,9b0002fd,15
66692,66693,7,6,0,3,6,2,attack,spins,goldSack,gold,1,False,False,9b0002fd,15
66693,66694,3,3,3,2,2,2,goldSack,goldSack,goldSack,gold,1,True,False,9b0002fd,15
66696,66697,1,8,8,30,30,1,accumulation,accumulation,coin,gold,1,False,False,9b0002fd,15
66697,66698,3,3,8,30,2,2,accumulation,goldSack,goldSack,gold,1,False,False,9b0002fd,15
66700,66701,7,7,8,30,2,2,accumulation,goldSack,goldSack,gold,1,False,False,9b0002fd,15
66702,66703,0,0,0,3,3,3,attack,attack,attack,attack,2,True,False,9b0002fd,15
66703,66704,2,2,2,5,5,5,shield,shield,shield,shield,3,True,True,9b0002fd,15
66704,66705,3,4,0,3,4,2,attack,steal,goldSack,gold,1,False,False,9b0002fd,15
66705,66706,3,3,8,30,2,2,accumulation,goldSack,goldSack,gold,1,False,False,9b0002fd,15
66706,66707,8,8,8,30,30,30,accumulation,accumulation,accumulation,gold,10,True,False,9b0002fd,15
66707,66708,3,7,8,30,2,2,accumulation,goldSack,goldSack,gold,1,False,False,9b0002fd,15
66709,66710,4,4,1,1,4,4,coin,steal,steal,gold,1,False,False,9b0002fd,15
66710,66711,2,2,1,1,5,5,coin,shield,shield,gold,1,False,False,9b0002fd,15
66712,66713,3,6,4,4,6,2,steal,spins,goldSack,gold,1,False,False,9b0002fd,15
66714,66715,3,3,8,30,2,2,accumulation,goldSack,goldSack,gold,1,False,False,9b0002fd,15
66715,66716,1,5,0,3,1,1,attack,coin,coin,gold,1,False,False,9b0002fd,15
66716,66717,3,3,8,30,2,2,accumulation,goldSack,goldSack,gold,1,False,False,9b0002fd,15
66717,66718,3,3,8,30,2,2,accumulation,goldSack,goldSack,gold,1,False,False,9b0002fd,15
66718,66719,4,4,4,4,4,4,steal,steal,steal,steal,4,True,False,9b0002fd,15
66719,66720,7,6,4,4,6,2,steal,spins,goldSack,gold,1,False,False,9b0002fd,15
66720,66721,7,6,4,4,6,2,steal,spins,goldSack,gold,1,False,False,9b0002fd,15
66721,66722,1,8,8,30,30,1,accumulation,accumulation,coin,gold,1,False,False,9b0002fd,15
66722,66723,7,7,8,30,2,2,accumulation,goldSack,goldSack,gold,1,False,False,9b0002fd,15
66723,66724,2,2,2,5,5,5,shield,shield,shield,shield,3,True,True,9b0002fd,15
66724,66725,0,0,0,3,3,3,attack,attack,attack,attack,2,True,False,9b0002fd,15
66725,66726,4,4,4,4,4,4,steal,steal,steal,steal,4,True,False,9b0002fd,15
66726,66727,7,4,0,3,4,2,attack,steal,goldSack,gold,1,False,False,9b0002fd,15
66727,66728,7,7,7,2,2,2,goldSack,goldSack,goldSack,gold,1,True,False,9b0002fd,15
66728,66729,6,4,5,1,4,6,coin,steal,spins,gold,1,False,False,9b0002fd,15
66729,66730,2,5,0,3,1,5,attack,coin,shield,gold,1,False,False,9b0002fd,15
66730,66731,7,6,4,4,6,2,steal,spins,goldSack,gold,1,False,False,9b0002fd,15
66731,66732,7,3,8,30,2,2,accumulation,goldSack,goldSack,gold,1,False,False,9b0002fd,15
66732,66733,6,4,1,1,4,6,coin,steal,spins,gold,1,False,False,9b0002fd,15
66733,66734,3,0,0,3,3,2,attack,attack,goldSack,gold,1,False,False,9b0002fd,15
66734,66735,7,0,0,3,3,2,attack,attack,goldSack,gold,1,False,False,9b0002fd,15
66735,66736,2,1,0,3,1,5,attack,coin,shield,gold,1,False,False,9b0002fd,15
66737,66738,7,7,8,30,2,2,accumulation,goldSack,goldSack,gold,1,False,False,9b0002fd,15
66739,66740,0,0,0,3,3,3,attack,attack,attack,attack,2,True,False,9b0002fd,15
66742,66743,5,5,1,1,1,1,coin,coin,coin,gold,1,True,False,9b0002fd,15
66743,66744,7,4,0,3,4,2,attack,steal,goldSack,gold,1,False,False,9b0002fd,15
66745,66746,2,2,2,5,5,5,shield,shield,shield,shield,3,True,True,9b0002fd,15
66746,66747,1,8,8,30,30,1,accumulation,accumulation,coin,gold,1,False,False,9b0002fd,15
66748,66749,5,5,1,1,1,1,coin,coin,coin,gold,1,True,False,9b0002fd,15
66750,66751,7,7,8,30,2,2,accumulation,goldSack,goldSack,gold,1,False,False,9b0002fd,15
66752,66753,3,3,8,30,2,2,accumulation,goldSack,goldSack,gold,1,False,False,9b0002fd,15
66754,66755,2,2,2,5,5,5,shield,shield,shield,shield,3,True,True,9b0002fd,15
66755,66756,5,8,8,30,30,1,accumulation,accumulation,coin,gold,1,False,False,9b0002fd,15
66756,66757,7,6,4,4,6,2,steal,spins,goldSack,gold,1,False,False,9b0002fd,15
66757,66758,3,6,4,4,6,2,steal,spins,goldSack,gold,1,False,False,9b0002fd,15
66761,66762,0,0,0,3,3,3,attack,attack,attack,attack,2,True,False,9b0002fd,15
66764,66765,5,8,8,30,30,1,accumulation,accumulation,coin,gold,1,False,False,9b0002fd,15
66766,66767,6,4,5,1,4,6,coin,steal,spins,gold,1,False,False,9b0002fd,15
66767,66768,6,6,6,6,6,6,spins,spins,spins,spins,5,True,True,9b0002fd,15
66769,66770,1,1,0,3,1,1,attack,coin,coin,gold,1,False,False,9b0002fd,15
66770,66771,7,3,3,2,2,2,goldSack,goldSack,goldSack,gold,1,True,False,9b0002fd,15
66771,66772,6,6,6,6,6,6,spins,spins,spins,spins,5,True,True,9b0002fd,15
66772,66773,6,4,1,1,4,6,coin,steal,spins,gold,1,False,False,9b0002fd,15
66775,66776,3,3,8,30,2,2,accumulation,goldSack,goldSack,gold,1,False,False,9b0002fd,15
66777,66778,3,3,2,5,2,2,shield,goldSack,goldSack,gold,1,False,False,9b0002fd,15
66778,66779,0,0,0,3,3,3,attack,attack,attack,attack,2,True,False,9b0002fd,15
66779,66780,3,3,8,30,2,2,accumulation,goldSack,goldSack,gold,1,False,False,9b0002fd,15
66780,66781,7,0,0,3,3,2,attack,attack,goldSack,gold,1,False,False,9b0002fd,15
66781,66782,7,3,8,30,2,2,accumulation,goldSack,goldSack,gold,1,False,False,9b0002fd,15
66782,66783,4,4,4,4,4,4,steal,steal,steal,steal,4,True,False,9b0002fd,15
66784,66785,0,0,0,3,3,3,attack,attack,attack,attack,2,True,False,9b0002fd,15
66785,66786,1,8,8,30,30,1,accumulation,accumulation,coin,gold,1,False,False,9b0002fd,15
66786,66787,0,0,0,3,3,3,attack,attack,attack,attack,2,True,False,9b0002fd,15
66787,66788,3,3,8,30,2,2,accumulation,goldSack,goldSack,gold,1,False,False,9b0002fd,15
66788,66789,4,5,5,1,1,4,coin,coin,steal,gold,1,False,False,9b0002fd,15
66789,66790,7,7,8,30,2,2,accumulation,goldSack,goldSack,gold,1,False,False,9b0002fd,15
66791,66792,3,6,0,3,6,2,attack,spins,goldSack,gold,1,False,False,9b0002fd,15
66792,66793,7,7,3,2,2,2,goldSack,goldSack,goldSack,gold,1,True,False,9b0002fd,15
66793,66794,4,4,4,4,4,4,steal,steal,steal,steal,4,True,False,9b0002fd,50
66795,66796,0,0,0,3,3,3,attack,attack,attack,attack,2,True,False,9b0002fd,50
66796,66797,3,3,8,30,2,2,accumulation,goldSack,goldSack,gold,1,False,False,9b0002fd,50
66798,66799,0,0,0,3,3,3,attack,attack,attack,attack,2,True,False,9b0002fd,50
66800,66801,2,2,1,1,5,5,coin,shield,shield,gold,1,False,False,9b0002fd,50
66802,66803,4,1,0,3,1,4,attack,coin,steal,gold,1,False,False,9b0002fd,50
66803,66804,3,7,8,30,2,2,accumulation,goldSack,goldSack,gold,1,False,False,9b0002fd,50
66804,66805,3,6,0,3,6,2,attack,spins,goldSack,gold,1,False,False,9b0002fd,50
66805,66806,4,1,5,1,1,4,coin,coin,steal,gold,1,False,False,9b0002fd,50
66809,66810,4,4,4,4,4,4,steal,steal,steal,steal,4,True,False,9b0002fd,50
66810,66811,7,3,2,5,2,2,shield,goldSack,goldSack,gold,1,False,False,9b0002fd,50
66811,66812,6,1,1,1,1,6,coin,coin,spins,gold,1,False,False,9b0002fd,50
66813,66814,1,8,8,30,30,1,accumulation,accumulation,coin,gold,1,False,False,9b0002fd,50
66814,66815,7,6,0,3,6,2,attack,spins,goldSack,gold,1,False,False,9b0002fd,50
66815,66816,1,8,8,30,30,1,accumulation,accumulation,coin,gold,1,False,False,9b0002fd,50
66816,66817,7,0,0,3,3,2,attack,attack,goldSack,gold,1,False,False,9b0002fd,50
66817,66818,3,7,3,2,2,2,goldSack,goldSack,goldSack,gold,1,True,False,9b0002fd,50
66818,66819,4,4,5,1,4,4,coin,steal,steal,gold,1,False,False,9b0002fd,50
66819,66820,2,2,2,5,5,5,shield,shield,shield,shield,3,True,True,9b0002fd,50
66820,66821,4,5,1,1,1,4,coin,coin,steal,gold,1,False,False,9b0002fd,50
66823,66824,3,3,8,30,2,2,accumulation,goldSack,goldSack,gold,1,False,False,9b0002fd,50
66824,66825,3,6,0,3,6,2,attack,spins,goldSack,gold,1,False,False,9b0002fd,50
66825,66826,7,3,7,2,2,2,goldSack,goldSack,goldSack,gold,1,True,False,9b0002fd,50
66826,66827,3,3,8,30,2,2,accumulation,goldSack,goldSack,gold,1,False,False,9b0002fd,50
66827,66828,0,0,0,3,3,3,attack,attack,attack,attack,2,True,False,9b0002fd,50
66828,66829,2,2,2,5,5,5,shield,shield,shield,shield,3,True,True,9b0002fd,50
66829,66830,0,0,0,3,3,3,attack,attack,attack,attack,2,True,False,9b0002fd,50
66830,66831,0,0,0,3,3,3,attack,attack,attack,attack,2,True,False,9b0002fd,50
66831,66832,2,2,2,5,5,5,shield,shield,shield,shield,3,True,True,9b0002fd,50
66832,66833,7,3,8,30,2,2,accumulation,goldSack,goldSack,gold,1,False,False,9b0002fd,50
66833,66834,3,7,8,30,2,2,accumulation,goldSack,goldSack,gold,1,False,False,9b0002fd,50
66834,66835,6,6,5,1,6,6,coin,spins,spins,gold,1,False,False,9b0002fd,50
66835,66836,7,3,3,2,2,2,goldSack,goldSack,goldSack,gold,1,True,False,9b0002fd,50
66836,66837,4,5,0,3,1,4,attack,coin,steal,gold,1,False,False,9b0002fd,50
66837,66838,7,7,3,2,2,2,goldSack,goldSack,goldSack,gold,1,True,False,9b0002fd,50
66839,66840,3,6,0,3,6,2,attack,spins,goldSack,gold,1,False,False,9b0002fd,50
66840,66841,0,0,0,3,3,3,attack,attack,attack,attack,2,True,False,9b0002fd,50
66841,66842,3,3,8,30,2,2,accumulation,goldSack,goldSack,gold,1,False,False,9b0002fd,50
66844,66845,3,7,7,2,2,2,goldSack,goldSack,goldSack,gold,1,True,False,9b0002fd,50
66845,66846,3,6,0,3,6,2,attack,spins,goldSack,gold,1,False,False,9b0002fd,50
66846,66847,3,7,8,30,2,2,accumulation,goldSack,goldSack,gold,1,False,False,9b0002fd,50
66847,66848,8,8,8,30,30,30,accumulation,accumulation,accumulation,gold,10,True,False,9b0002fd,50
66849,66850,1,8,8,30,30,1,accumulation,accumulation,coin,gold,1,False,False,9b0002fd,50
66853,66854,2,2,2,5,5,5,shield,shield,shield,shield,3,True,True,9b0002fd,50
66854,66855,3,6,4,4,6,2,steal,spins,goldSack,gold,1,False,False,9b0002fd,50
66855,66856,5,8,8,30,30,1,accumulation,accumulation,coin,gold,1,False,False,9b0002fd,50
66856,66857,2,1,0,3,1,5,attack,coin,shield,gold,1,False,False,9b0002fd,50
66857,66858,7,3,8,30,2,2,accumulation,goldSack,goldSack,gold,1,False,False,9b0002fd,50
66858,66859,7,3,8,30,2,2,accumulation,goldSack,goldSack,gold,1,False,False,9b0002fd,50
66859,66860,3,7,8,30,2,2,accumulation,goldSack,goldSack,gold,1,False,False,9b0002fd,50
66860,66861,5,5,1,1,1,1,coin,coin,coin,gold,1,True,False,9b0002fd,50
66861,66862,2,1,0,3,1,5,attack,coin,shield,gold,1,False,False,9b0002fd,50
66862,66863,4,1,0,3,1,4,attack,coin,steal,gold,1,False,False,9b0002fd,50
66863,66864,4,1,5,1,1,4,coin,coin,steal,gold,1,False,False,9b0002fd,50
66865,66866,2,2,2,5,5,5,shield,shield,shield,shield,3,True,True,9b0002fd,50
66869,66870,3,7,8,30,2,2,accumulation,goldSack,goldSack,gold,1,False,False,9b0002fd,50
66870,66871,7,0,0,3,3,2,attack,attack,goldSack,gold,1,False,False,9b0002fd,50
66872,66873,7,3,8,30,2,2,accumulation,goldSack,goldSack,gold,1,False,False,9b0002fd,50
66877,66878,0,0,0,3,3,3,attack,attack,attack,attack,2,True,False,9b0002fd,50
66878,66879,7,3,8,30,2,2,accumulation,goldSack,goldSack,gold,1,False,False,9b0002fd,50
